AdvParentCode,AdvParentDesc,kw_label
1453195,1199SEIU UNITED HEALTHCAR WRKRS EST,unitedhealth_alt
4292759,219 HEALTH NETWORK INC,healthnet
965464,ACCESS COMMUNITY HEALTH NETWORK,healthnet
1001328,ACCOR HEALTH NETWORK,healthnet
530478,ACCORD HEALTH NETWORK LLC,healthnet
3239265,ACUPUNCTURE HEALTH NETWORK,healthnet
2197353,ADAMS HEALTH NETWORK,healthnet
937042,ADAMSON MOLINA DESIGN ASSOC INC,molina
2572534,ADVANTAGE HEALTH NETWORK,healthnet
1323640,ADVENTIST HEALTH NETWORK,healthnet
1454808,AERO HORIZONS INC,horizon
218277,AETNA BUILDING CORP,aetna
1420187,AETNA BUILDING MAINTENANCE INC,aetna
1951742,AETNA FELT CORP,aetna
2765219,AETNA FNDN INC,aetna
2982520,AETNA FURNITURE INC-LA,aetna
2092237,AETNA GROUP SPA,aetna
2947671,AETNA GROUP USA INC,aetna
4253569,AETNA HOSE HOOK & LADDER CO OF NWRK,aetna
10082,AETNA INC,aetna
2546267,AETNA LIFE INSURANCE CO,aetna
1203965,AETNA MAINTENANCE SYSTEMS INC,aetna
104900,AETNA OFFICE FURNITURE INC,aetna
291140,AETNA PLUMBING,aetna
1081,AETNA SHIRT CORP,aetna
1141734,AETNA SUPPLY CO,aetna
349737,AFRICAN HORIZONS,horizon
3606214,AGENTSITE.ANTHEM.COM,anthem
2154007,AHMED ALEXANDER & MOLINA LLP,molina
1455240,AIR HORIZONS LLC-BU,horizon
2966358,ALENA KAISER,kaiser
1690544,ALICER TOMOLINA,molina
1759103,ALL HORIZONS INC,horizon
435370,ALL HORIZONS TRAVEL INC,horizon
1564874,ALLIANCE HEALTH NETWORKS INC,healthnet
2474625,ALLIANCE HEALTH NETWORKS LLC,healthnet
3853122,ALTERNATIVE HORIZONS CORP-GJ,horizon
1211605,AM HEALTH NET-DL,healthnet
1129926,AMERICAN ANTHEM MASTERWORKS,anthem
1256874,AMERICAN ANTHEM MORTGAGE CORP,anthem
840501,AMERICAN ANTHEM UNITING AMERICA,anthem
2080548,AMERICAN HEALTH NETWORK OH PRF CORP,healthnet
1530887,AMERICAN HEALTH NETWORK-MF-IL,healthnet
2689976,AMERICAN HEALTH NETWRK F NDN LLC-IL,healthnet
1947454,AMERICAN HORIZON FINANCIAL LLC,horizon
68594,AMERICAN HORIZONS,horizon
2621045,AMERICAN HORIZONS INC,horizon
2312197,AMERICAN TELEHEALTH NETWORK INC-NY,healthnet
114021,AMERIGROUP FINANCIAL CORP,amerigroup
1236416,AMERIGROUP MORTGAGE INC-CN,amerigroup
2090038,AMIR KHAN VS CARLOS MOLINA,molina
386479,ANA MOLINARI INC,molina
3249346,ANB MOLINA & BURBANO LLC-SL,molina
1670621,ANEW HORIZON,horizon
1304626,ANICETO MOLINA,molina
2478696,ANTHEM,anthem
3258100,ANTHEM,anthem
2639843,ANTHEM,anthem
2171595,ANTHEM,anthem
1000515,ANTHEM AMERICAN BISTRO,anthem
3320866,ANTHEM AMMO LLC,anthem
2168133,ANTHEM ARCHERY LLC,anthem
2493362,ANTHEM AUTOMOTIVE LLC,anthem
2968836,ANTHEM AUTOMOTIVE LLC-AT,anthem
2203985,ANTHEM BOOKKEEPING & TAX SVCS LLC,anthem
4330584,ANTHEM BREWING CO LLC,anthem
1566333,ANTHEM CHEVY-BUICK-PNTC INC-CD,anthem
2681950,ANTHEM CHURCH,anthem
672295,ANTHEM COMMUNITIES LLC,anthem
1644284,ANTHEM COMMUNITY COUNCIL INC,anthem
1143515,ANTHEM DAYS,anthem
3051952,ANTHEM DENTISTRY LLC-PX,anthem
3206252,ANTHEM DIALYSIS LLC-SC,anthem
2870767,ANTHEM EAST 3RD DEVELOPMENTS LP,anthem
1384863,ANTHEM ENTERPRISES INC,anthem
1679665,ANTHEM EXECUTIVE SUITES LLC,anthem
1132572,ANTHEM FESTIVAL OF FINE ART,anthem
1965703,ANTHEM FINANCIAL BANK,anthem
3059557,ANTHEM FIVE INC,anthem
3298231,ANTHEM FNDN INC,anthem
1572969,ANTHEM GAMES LLC-TM,anthem
2863809,ANTHEM GEORGETOWN ON DVLPMTS GP LTD,anthem
1988064,ANTHEM GROUP INC,anthem
507309,ANTHEM HEALTH & LIFE INSURANCE,anthem
1401291,ANTHEM HEALTH SVCS INC,anthem
3034385,ANTHEM HEMP,anthem
2230918,ANTHEM HIGHLANDS ARTWALK,anthem
1605760,ANTHEM HILLS 4TH OF JULY CELEBRATIN,anthem
2322690,ANTHEM HILLS BARBER & BEAUTY SALON,anthem
1125114,ANTHEM HILLS DENTAL LLC,anthem
3213867,ANTHEM HOME SOLUTIONS LLC-AT,anthem
3294237,ANTHEM HOUSE GAINESVILLE-OD,anthem
2304089,ANTHEM INC,anthem
3824269,ANTHEM INSURANCE GROUP INC,anthem
1238194,ANTHEM INTERIORS LLC,anthem
958715,ANTHEM INTL INC-DV,anthem
1207468,ANTHEM JEWELERS LLC,anthem
2253577,ANTHEM KIPLING MANAGEMENT LLC-DV,anthem
2657035,ANTHEM LAKES LLC,anthem
2685117,ANTHEM LIBERTARIAN FILM FESTIVAL,anthem
2691385,ANTHEM LIGHTS,anthem
1809891,ANTHEM LLC-NY,anthem
1945966,ANTHEM LOCAL LP,anthem
2487469,ANTHEM MECHANICAL,anthem
1328227,ANTHEM MEDIA LLC,anthem
2303977,ANTHEM MEMORY CARE LLC,anthem
1226766,ANTHEM MORTGAGE CORP-IL,anthem
1793893,ANTHEM MUSIC,anthem
2482452,ANTHEM MUSIC FESTIVAL,anthem
2024907,ANTHEM OIL & GAS INC,anthem
4226129,ANTHEM OPERATOR LLC,anthem
3127005,ANTHEM PEST CONTROL LLC,anthem
1978257,ANTHEM PROPANE EXCHANGE LLC,anthem
1882693,ANTHEM PROPERTIES GROUP LTD,anthem
2047572,ANTHEM REALTY & MORTGAGE,anthem
1014510,ANTHEM RESTAURANTS OF AMERICA,anthem
4310328,ANTHEM ROOFING LLC-PX,anthem
2894076,ANTHEM SCHOOL OF MUSIC,anthem
2627446,ANTHEM SCREEN PRINTING LLC-SF,anthem
3312511,ANTHEM SENIOR LIVING LLC-PX,anthem
3267552,ANTHEM SHUTTLE LLC-PX,anthem
3031776,ANTHEM SOCO ONE DEVELOPMENTS LP,anthem
2692145,ANTHEM SPORTS & ENTERTAINMENT CORP,anthem
1794792,ANTHEM SPORTS LLC,anthem
2745716,ANTHEM STATIC,anthem
1064535,ANTHEM STEEL CORP LLC,anthem
1710416,ANTHEM STRIDE THROUGH TIME,anthem
1939697,ANTHEM STRONG FAMILIES,anthem
1879805,ANTHEM STUDIOS-OD,anthem
2952239,ANTHEM SVCS LLC-BT,anthem
4128078,ANTHEM TAX SVCS,anthem
2867812,ANTHEM TAX SVCS LLC-LA-OD,anthem
2888160,ANTHEM TAX SVCS-WA,anthem
2820285,ANTHEM TELECOM LLC,anthem
2226577,ANTHEM THERMAL SOLUTIONS LLC,anthem
1955263,ANTHEM UNION LP,anthem
2766133,ANTHEM UNITED HOMES INC,anthem
3120073,ANTHEM VALUATION LLC-MS,anthem
2162063,ANTHEM VAULT INC,anthem
4118055,ANTHEM WILLINGDON DEVELOPMENTS LP,anthem
2241201,ANTHEM WORKS LTD,anthem
2885241,ANTHEM WRESTLING EXHIBITIONS,anthem
3062205,ANTHEM-LA,anthem
1124044,ANTHEM-PX,anthem
2589485,ANTHEM-SF,anthem
2120862,ANTHEM-SS,anthem
2978659,ANTHEMIAM.COM,anthem
3065115,ANTHEMIRSDEFENSE.COM,anthem
1535177,ANTHEMLIVE!,anthem
916581,ANTHEMS CULTURE CLASH IN THE DSTRCT,anthem
957516,ARKANSAS BLUE CROSS & BLUE SHIELD,bcbs
2283802,ARKANSAS HORIZON,horizon
1724646,ARTS HORIZONS INC,horizon
2089511,ARTS ON THE HORIZON,horizon
1051776,ASSOCIATION OF HORIZON INC,horizon
2134071,ASSURED HORIZONS LLC,horizon
916263,ATLANTIC HORIZON INTL INC,horizon
376427,ATLANTIS HEALTH NETWORK-NY,healthnet
2075503,AUBURN VNA HEALTH NETWORK INC,healthnet
4136372,AVENUE HORIZON LLC-DE,horizon
1410273,AVIAN HEALTH NETWORK INC,healthnet
2981526,AZURE HORIZON GAMES,horizon
2519941,BACKROAD ANTHEM,anthem
1873047,BALBOA HORIZONS RECOVERY SVCS LP,horizon
2544277,BEHAVIORAL HEALTH NETWORK INC,healthnet
2749685,BERKSHIRE HOLISTIC HEALTH NETWORK,healthnet
3333785,BETTER HORIZONS IN-HOME CARE INC,horizon
425391,BEYOND HORIZONS,horizon
4262618,BEYOND HORIZONS PHOTOGRAPHY,horizon
1349478,BEYOND THE HORIZON,horizon
2306267,BEYOND THE HORIZON CONSTRUCTION INC,horizon
2849868,BIG HORIZON MORTGAGE CORP,horizon
340382,BILL KAISERMAN COLLECTION,kaiser
2100290,BIOHORIZONS GL EXPO,horizon
2000951,BLACK GIRLS ANTHEM,anthem
1137898,BLACK WOMENS HEALTH NETWORK,healthnet
1830116,BLOODRED HORIZON RECORDS,horizon
957404,BLUE CROSS & BLU SHLD OF MCHGN FNDN,bcbs
10593,BLUE CROSS & BLUE SHIELD ASSN,bcbs
957434,BLUE CROSS & BLUE SHIELD MASS INC,bcbs
957451,BLUE CROSS & BLUE SHIELD NORTH CRLN,bcbs
957492,BLUE CROSS & BLUE SHIELD OF FLD INC,bcbs
2214412,BLUE CROSS & BLUE SHIELD OF HAWAII,bcbs
1749225,BLUE CROSS & BLUE SHIELD OF ILLINOS,bcbs
3093292,BLUE CROSS & BLUE SHIELD OF LSN HMO,bcbs
965179,BLUE CROSS & BLUE SHIELD OF MISSPPI,bcbs
957446,BLUE CROSS & BLUE SHIELD OF NEBRASK,bcbs
2866802,BLUE CROSS & BLUE SHIELD OF PURT RC,bcbs
1152149,BLUE CROSS & BLUE SHIELD OF VERMONT,bcbs
2928911,BLUE CROSS & BLUE SHIELD REGENCE,bcbs
958314,BLUE CROSS & BLUE SHIELD SOUTH CRLN,bcbs
957400,BLUE CROSS & BLUE SHILD OF ALABAMA,bcbs
957410,BLUE CROSS & BLUE SHILD OF ARZN INC,bcbs
957415,BLUE CROSS & BLUE SHILD OF KNSS CTY,bcbs
966202,BLUE CROSS & BLUE SHILD OF KNSS INC,bcbs
957307,BLUE CROSS & BLUE SHILD OF LSN FNDN,bcbs
958595,BLUE CROSS & BLUE SHLD OF RHD ISLND,bcbs
3113279,BLUE CROSS ANIMAL CLINIC PC-AL,bcbs
1029089,BLUE CROSS ARENA,bcbs
2795919,BLUE CROSS BLUE SHIELD OF TNNSS INC,bcbs
3128340,BLUE CROSS BLUE SHIELD OF WYOMING,bcbs
343750,BLUE CROSS BROAD STREET RUN,bcbs
4273456,BLUE CROSS COMPLETE OF MICHIGAN LLC,bcbs
2245421,BLUE CROSS DOG & CAT HOSPITAL INC,bcbs
84107,BLUE CROSS LABORATORIES,bcbs
2349165,BLUE CROSS LIFE INSURANCE,bcbs
957487,BLUE CROSS OF IDAHO INC,bcbs
3177623,BLUE CROSS OF INDIA,bcbs
957468,BLUE CROSS OF NORTHEASTERN PNNSYLVN,bcbs
2990995,BLUE CROSS VETERINARY CLINIC LTD-PX,bcbs
1056236,BLUE HORIZON,horizon
1983180,BLUE HORIZON DEVELOPMENT LLC,horizon
1949337,BLUE HORIZON ENTERPRISES INC,horizon
1340021,BLUE HORIZON FINANCIAL CORP,horizon
1461715,BLUE HORIZON FOODS INC,horizon
4327703,BLUE HORIZON GROUP LLC-AT,horizon
4260115,BLUE HORIZON HOME INSPECTINS LLC-CV,horizon
4295847,BLUE HORIZON INDUSTRIES-MF,horizon
2274256,BLUE HORIZON INTL LLC-NY,horizon
388843,BLUE HORIZON LANDSCAPE,horizon
3214915,BLUE HORIZON LODGE-LA,horizon
1332674,BLUE HORIZON REALTY,horizon
2909765,BLUE HORIZON RENOVATIONS CORP,horizon
1909074,BLUE HORIZON SOULAR LLC,horizon
2321277,BLUE HORIZON USA INC,horizon
1853565,BLUE HORIZON VENTURES LLC,horizon
762866,BLUE HORIZON WATER CO,horizon
1718453,BLUE HORIZONS GROUP LLC,horizon
493693,BLUE RIDGE HEALTH NETWORK,healthnet
2733888,BLUE SHIELD OF CALFN LF & HTH IC CO,bcbs_alt
826471,BLUE SHIELD OF CALIFORNIA,bcbs_alt
1624946,BLUE SHIELD SECURITY INC,bcbs_alt
2101447,BLUE WATER SAFE HORIZONS,horizon
3175694,BLUME FORTE FRIED ZERRES & MOLINARI,molina
2581532,BOB KAISERS REPAIR INC,kaiser
2196420,BODY HORIZONS,horizon
1727665,BOOKING HORIZON SL,horizon
2917902,BOYCOTT ANTHEM,anthem
1784715,BRANDESS KALT AETNA,aetna
492152,BRANDESS-KALT-AETNA GROUP INC,aetna
355827,BREVARD TOTAL HEALTH NETWORK,healthnet
3328099,BRIGHT HEALTH GROUP INC,bright
3134518,BRIGHT HEALTH INC-MS,bright
2640621,BRIGHT HEALTH MANAGEMENT INC,bright
1634668,BRIGHT HEALTH PHYSICIANS,bright
3313547,BRIGHT HEALTH SVCS INC-MF,bright
2818701,BRIGHT HEALTHCARE,bright
2818688,BRIGHT HEALTHCARE MANAGEMENT INC,bright
4295853,BRIGHT HEALTHCARE MANAGEMENT INC-DL,bright
3281477,BRIGHT HORIZON HEALTH LLC,horizon
3158831,BRIGHT HORIZON PRIME CARE INC-NY,horizon
2977525,BRIGHT HORIZONS ADVCY & CSLG LLC-TO,horizon
2757318,BRIGHT HORIZONS CHLDRNS CTRS LLC-RD,horizon
1251396,BRIGHT HORIZONS PRESS LLC,horizon
1739601,BRING ME THE HORIZON,horizon
1719733,BROAD HORIZON RECORDS INC,horizon
441275,BROAD HORIZONS TRAVEL INC,horizon
1069125,BRONX COMMUNITY HEALTH NETWORK INC,healthnet
1287850,BROWN HORIZONS,horizon
402550,BROWN WATERHOUSE KAISER,kaiser
1553952,BUBS FIELD ON THE HORIZON LLC-DV,horizon
2967449,BUMRUNGRAD HEALTH NETWORK CO LTD,healthnet
909498,BY HORIZON LLC,horizon
3179937,BYRONMOLINA.COM,molina
1596585,CABINETS BY HORIZON LLC,horizon
559158,CAC-UNITED HEALTHCARE PLANS FLA INC,unitedhealth_alt
2193768,CALIFORNIA BLACK HEALTH NETWORK,healthnet
3236096,CALIFORNIA HEALTH NETWORK INC,healthnet
2025258,CALIFORNIA TELEHEALTH NETWORK,healthnet
887552,CAMP HORIZONS,horizon
1046037,CAMP NEW HORIZONS,horizon
965304,CANADIAN ASSN OF BLUE CROSS PLANS,bcbs
1523055,CAPITAL AREA HEALTH NETWORK,healthnet
3324928,CAPSTONE HEALTH NETWORK,healthnet
948999,CARAVANE HORIZON INC-XO,horizon
2274228,CAREER HORIZON LLC,horizon
294433,CAREER HORIZONS INC,horizon
419372,CAREPATH HEALTH NETWORK INC,healthnet
947404,CARMEN MOLINARO,molina
2226365,CARNAVAL MOLINA,molina
2859318,CAROLINA COMPLETE HEALTH NETWRK INC,healthnet
2697705,CAROLINAS HEALTH NETWORK INC,healthnet
2560888,CARPENTER HEALTH NETWORK LLC,healthnet
793208,CASA MOLINA RESTAURANT INC,molina
3045365,CATALYST HEALTH NETWORK INC-DL,healthnet
2892492,CAYUGA COMMUNITY HEALTH NETWORK,healthnet
525577,CENTENE CORP,centene
691497,CENTERS FOR NEW HORIZONS INC,horizon
2105479,CENTRAL AMERICA HORIZONS SA,horizon
1844092,CENTRAL VALLEY HEALTH NETWORK INC,healthnet
2008994,CENTRAL VIRGINIA HEALTH NETWORK INC,healthnet
1404000,CENTRE HORIZON,horizon
2087536,CERVEJARIAS KAISER NORDESTE SA,kaiser
2489173,CFG HEALTH NETWORK LLC-NY,healthnet
2131194,CHAMPLAIN VALLEY HEALTH NETWORK INC,healthnet
2704307,CHOICE REGIONAL HEALTH NETWORK-ST,healthnet
3040808,CHOOSEANTHEM.COM,anthem
344559,CHRYSANTHEMUM RESTAURANT,anthem
2190058,CHRYSANTHEMUM SOFTWARE,anthem
11323,CIGNA CORP,cigna
2920799,CIGNA LIFE INSURANCE NEW ZEALND LTD,cigna
2196015,CIGNA ORTHODONTICS PC,cigna
1943245,CIGNA/ELLIOT CORPORATE 5K ROAD RACE,cigna
2193589,CIGNAL,cigna
3268134,CIGNAL TV INC,cigna
3175003,CIGNATURE REALTY ASSOC INC-NY,cigna
2921423,CITRUS HEALTH NETWORK INC,healthnet
2759219,CLEAR HORIZON MANAGEMENT GROUP-SF,horizon
24877,CLEAR HORIZONS SUBSTANCE ABUSE CTR,horizon
4064389,CLEARVIEW HORIZON INC-BZ,horizon
1252599,CLUB HORIZON INC-NY,horizon
1570283,COASTAL HORIZONS CTR INC,horizon
4364579,COCINA MOLINA LLC-DL,molina
2917058,CODE HORIZON INC,horizon
351994,COLORADO HEALTH NETWORK INC,healthnet
1066350,COLORADO HORIZON DEVELOPMENT CORP,horizon
456160,COMMERCIAL HORIZONS INC,horizon
3094052,COMMPASSION HEALTH NETWORK-SF,healthnet
2326838,COMMUNICATION HORIZONS LLC,horizon
1556759,COMMUNITY HEALTH NET,healthnet
1380027,COMMUNITY HEALTH NETWORK,healthnet
2109317,COMMUNITY HEALTH NETWORK FNDN INC,healthnet
1110432,COMMUNITY HEALTH NETWORK INC-IL,healthnet
463140,COMMUNITY HEALTH NETWORK INC-SF,healthnet
572182,COMMUNITY HEALTH NETWORK OF CT INC,healthnet
111432,COMMUNITY HEALTH NETWORK OF LA INC,healthnet
1692139,COMMUNITY HEALTH NETWORK OF WSHNGTN,healthnet
1007378,COMMUNITY HEALTH NETWORK-US,healthnet
2992937,COMPASSION HEALTH NETWORK INC-SF,healthnet
2590302,COMPLETECARE HEALTH NETWORK-DL,healthnet
928793,COMPREHENSIVE HEALTH NETWORK,healthnet
352753,COMPUTER HORIZONS CORP,horizon
343567,CONCORDE-NEW HORIZONS CORP,horizon
402461,CONDELL HEALTH NETWORK,healthnet
1048416,CONSIGNMENT HORIZONS,horizon
2530920,CONSTITUTIONAL HEALTH NETWORK,healthnet
1746902,COUNTRY HORIZON REALTY,horizon
1143153,CREATIVE HORIZONS INC,horizon
1034436,CRESPO JUAN MOLINA FOR COMMISSIONER,molina
864201,CRUISE HORIZONS LLC,horizon
1359687,CVS HEALTH CORP,cvs
4077569,CVS HEALTH JOBS,cvs
4274534,CW HORIZON LLC,horizon
2563181,DALE KAISER REAL ESTATE INC-FV,kaiser
536736,DALLAS HORIZON DIVERSITY SCHOLRSHPS,horizon
1228883,DANCING HORIZON HEALTH PC,horizon
2867640,DARK HORIZON,horizon
337432,DE LA HOYA VS MOLINA,molina
1910591,DEEP HEALTH NETWORK,healthnet
2473418,DEEP WATER HORIZON SETTLEMENT,horizon
2055642,DEEPWATER HORIZON OIL SPILL LAWSUIT,horizon
1379909,DENTAL HEALTH NETWORK,healthnet
2861129,DENTAL HORIZONS OF WESTCHESTER PC,horizon
533480,DESERT HORIZON,horizon
2293682,DESERT HORIZONS GROUP LLC,horizon
692262,DESKTOP HORIZON INC,horizon
2648102,DESTINY HORIZONS INC,horizon
1022545,DEVEREAUX KAISER COLLECTOR CAR MEET,kaiser
794349,DIGITAL HORIZON,horizon
436143,DIGITAL HORIZONS,horizon
3212969,DIGITAL RELEVANCE INC,elevance
1471257,DIRECT HORIZONTAL DRILLING INC,horizon
1018764,DISTANT HORIZON INC,horizon
471418,DON KAISER TIRE & AUTO SVC,kaiser
3267383,DOUGLAS PUBLIC HEALTH NETWORK,healthnet
3109476,E&T HORIZONS LLC,horizon
1594996,E-HORIZONS LLC,horizon
3103049,EAGLE HORIZON GROUP INC-GW,horizon
371805,EASTERN PENNSYLVANIA HEALTH NETWORK,healthnet
1177458,EATONS AETNA CORP,aetna
1443442,ECHO ANTHEM,anthem
457851,ECHO HORIZON,horizon
528407,EDUCATIONAL HORIZONS CHARTER SCHOOL,horizon
1170607,EHORIZONTECH INC,horizon
1892498,EL CHORIZON RESTAURANTE INC,horizon
3183928,ELENA G KAISER MAAT ATR LCPC-CH,kaiser
2277380,ELEVANCE RENEWABLE SCIENCES INC,elevance
554985,ELIZABETH KAISER ORIGINALS,kaiser
1597894,EMBLEMHEALTH INC,emblem
12063,EMERALD HEALTH NETWORK INC,healthnet
449724,EMERALD HORIZONS HEALTH CARE PLAN,horizon
2002132,EMERGENCE HEALTH NETWORK,healthnet
3024180,EMERGING NEW HORIZONS INC,horizon
1241448,EMPLOYMENT HORIZONS INC,horizon
333303,ENDLESS HORIZONS INC,horizon
4313974,ENDLESS HORIZONS REALTY INC,horizon
2617949,ERELEVANCE CORP-AU,elevance
2830796,ERICAMOLINARI,molina
2050947,ESMERALDA MOLINA,molina
1276371,EVENT HORIZON ENTERTAINMENT INC,horizon
2648252,EVENT HORIZON LLC,horizon
4117536,EVENT HORIZON LTD,horizon
2596192,EVENT HORIZON TECHNOLOGIES INC,horizon
1179322,EXCELSIOR HEALTH NETWORK INC,healthnet
2747667,EXIT REALTY HORIZONS-AL,horizon
1721409,EXPANDING HORIZONS,horizon
2261402,EXPANDING HORIZONS INC-BS,horizon
430657,EXPANDING YOUR HORIZONS CONFERENCE,horizon
163959,FAIR HORIZONS INC,horizon
2079719,FAMILY HEALTH NETWORK INC,healthnet
1157251,FAMILY HORIZONS CREDIT UNION,horizon
2558033,FAR HORIZON TRADERS,horizon
2300161,FAR HORIZONS ARCHLGCL & CTL TPS INC,horizon
918573,FAR HORIZONS EAST,horizon
3317904,FAR HORIZONS TOURISM INC-MF,horizon
2099122,FAR HORIZONS TRAILER VILLAGE LLC,horizon
1688358,FAR HORIZONS TRAVEL INC-MJ,horizon
298744,FAR HORIZONS WORLD TRAVEL FILM-CO,horizon
2607930,FATIMA MOLINA,molina
2639147,FDR HORIZON ENTERPRISES LLC,horizon
862233,FINAL FANTASY HORIZON,horizon
2863872,FINANCIAL HEALTH NETWORK INC-CH,healthnet
2381273,FINANCIAL HORIZONS GROUP,horizon
1544221,FINANCIAL HORIZONS WEALTH,horizon
687443,FIRST CHOICE HEALTH NETWORK,healthnet
220913,FIRST CHOICE HEALTH NETWORK INC,healthnet
1311991,FIRST HORIZON,horizon
2306380,FIRST HORIZON BUSINESS LOANS,horizon
541802,FIRST HORIZON GROUP,horizon
1034732,FIRST HORIZON NATL CORP,horizon
2652702,FLAG & ANTHEM LLC,anthem
2702966,FLEXFAB HORIZONS INTL INC,horizon
1978280,FLORENCE HOSPITAL AT ANTHEM LLC,anthem
1189812,FRANK KAISER INC-NY,kaiser
841349,FRANKLIN COMMUNITY HEALTH NETWORK,healthnet
1697173,FRESH HORIZON REALTY LLC,horizon
3304480,FRESH RELEVANCE LTD,elevance
480200,FUTURE HORIZONS,horizon
789391,FUTURE HORIZONS INC,horizon
2294231,GALLAGHER-KAISER CORP,kaiser
1602020,GAMEHORIZON CONFERENCE,horizon
1317651,GARDNER FAMILY HEALTH NETWORK INC,healthnet
1690557,GASLIGHT ANTHEM,anthem
2172235,GATEWAY HORIZONTL DRCTNL DRL LLC-OC,horizon
1134631,GAY LIFE HEALTH NETWORK,healthnet
2100868,GBA HEALTH NETWORK SYSTEMS,healthnet
986675,GENESIS HEALTH NETWORK-DV,healthnet
2033592,GEORGE KAISER FAMILY FNDN,kaiser
877829,GEORGE REMOLINA DESIGNS INC,molina
1086040,GETCARE HEALTH NETWORK,healthnet
1240256,GLASS HORIZONS,horizon
589406,GLOBAL HORIZONS LTD,horizon
3198041,GLOBAL HORIZONS USA LLC-ST,horizon
2992168,GLOBAL TELEHEALTH NETWORK-SF,healthnet
2830007,GLOBAL WEB HORIZONS LLC,horizon
2139868,GOING HORIZONTL: TNG PNTG ON ITS SD,horizon
4330632,GOLDEN HORIZON ACDY OF CR BY INC-MF,horizon
2021252,GOLDEN HORIZON FINANCIAL LLC,horizon
1161808,GOLDEN HORIZON MORTGAGE INC,horizon
3284082,GOLDEN HORIZON TRAVEL INC-SF,horizon
2654834,GOLDEN HORIZONS ADULT DAY CARE,horizon
706868,GOLDEN HORIZONS ELDER CARE SVCS INC,horizon
2204910,GOLDEN STATE HORIZONS LLC,horizon
1964185,GRAFTON INTEGRATED HEALTH NETWORK,healthnet
2868663,GRAND HORIZONS,horizon
449636,GRAND HORIZONS INC,horizon
1911994,GREATER ALABAMA HEALTH NETWORK INC,healthnet
1769265,GREATER HORIZON REALTY LLC,horizon
413706,GREATER WATERBURY HEALTH NETWORK,healthnet
414467,GREATER WATERBURY HEALTH NETWRK-HT,healthnet
2470267,GREEN HORIZON,horizon
4274649,GREEN HORIZON CAPITAL MNGMNT LLC-NY,horizon
3079039,GREEN HORIZON FARM & TURF-PR,horizon
1257747,GREEN HORIZON LANDSCAPE,horizon
1698430,GREEN HORIZON LAWNS-OM,horizon
1856293,GREEN HORIZON LLC-RD,horizon
989479,GREEN HORIZON SVCS INC,horizon
1037215,GREEN HORIZONS INC,horizon
4414157,GREEN HORIZONS INC-MS,horizon
4432072,GREEN HORIZONS INC-MS,horizon
2507175,GREEN HORIZONS LANDSCP & MNTNNC INC,horizon
1926843,GREEN HORIZONS LAWN & GARDEN,horizon
2798405,GREEN HORIZONS METAL ROOFING,horizon
3142022,GREEN HORIZONS TURF FARMS INC,horizon
1737365,GREENER HORIZON FILMS LTD,horizon
1719571,GREENER HORIZON LLC,horizon
2483366,GREENER HORIZONS LNDG OF TXS LLC-HN,horizon
1148298,GREENHORIZONS GROUP OF FARMS LTD,horizon
1991631,HALF MOON HORIZON LLC,horizon
3337586,HANGZHOU KAISER BUILDNG MTRL CO LTD,kaiser
338160,HEALTH HORIZONS INC-RD,horizon
1079735,HEALTH HORIZONS OF EAST TX INC-TN,horizon
806752,HEALTH NET INC,healthnet
1568883,HEALTH NET INC-IL,healthnet
2101946,HEALTH NET LASER & SKIN,healthnet
2539517,HEALTH NET OF WEST MICHIGAN,healthnet
675265,HEALTH NETWORK,healthnet
275194,HEALTH NETWORK FOR CHILDREN,healthnet
2826913,HEALTH NETWORK GROUP LLC,healthnet
1279772,HEALTH NETWORK INC,healthnet
4094601,HEALTH NETWORK LABORATORIES LLC-PH,healthnet
1069503,HEALTH NETWORK LABORATORIES LP,healthnet
2588308,HEALTHY HORIZONS HOMECAR & HSPC LLC,horizon
642685,HEALTHY HORIZONS INC,horizon
2215901,HEALTHY HORIZONS LLC,horizon
2309725,HEARTLAND RURAL HEALTH NETWORK INC,healthnet
1271870,HEBREW HOMES HEALTH NETWORK INC,healthnet
1561435,HEC READING HORIZONS,horizon
4235386,HEDGEWOOD HORIZONS LLC,horizon
1792509,HEINZ KAISER AG,kaiser
128507,HENRY J KAISER FAMILY FNDN,kaiser
444947,HERBAL HEALTH NETWORK,healthnet
1369464,HFO OF HORIZON CITY PC,horizon
287204,HGI HORIZON GROUP INC,horizon
3087861,HI5 HEALTH NETWORK INC-SF,healthnet
1231549,HIGHLAND BLUE SHIELD,bcbs_alt
3253447,HIPP/KAISER-HIPP ATTORNEYS AT LW-PT,kaiser
3941659,HOLIDAY HORIZONS,horizon
785881,HOLISTIC HORIZONS,horizon
2840698,HONOR HEALTH NETWORK LLC,healthnet
2813264,HOOSIER HORIZON,horizon
2598822,HOPES HORIZON LLC,horizon
2615358,HORIZON,horizon
2898779,HORIZON,horizon
821704,HORIZON & ASSOC INC,horizon
2814028,HORIZON 18,horizon
477322,HORIZON 2000 DEVELOPMENT CORP,horizon
1736280,HORIZON ACTIVITY CTR INC,horizon
1685934,HORIZON ADULT HEALTH CARE LLC,horizon
588742,HORIZON ADVERTISING INC,horizon
3172653,HORIZON ADVISORS LLC,horizon
1481994,HORIZON AEROSPACE LLC,horizon
1176695,HORIZON AESTHETIC CTR,horizon
1671100,HORIZON AESTHETICS VEIN & LASER CTR,horizon
3118776,HORIZON AIR SOLUTIONS LLC-HN,horizon
1481996,HORIZON AIR SVCS INC,horizon
671855,HORIZON AIRCRAFT SALES LTD,horizon
2854356,HORIZON AIRPORT PARKING,horizon
972411,HORIZON AMUSEMENT GROUP INC,horizon
1638482,HORIZON ANTIQUES,horizon
1055147,HORIZON APARTMENTS,horizon
2876347,HORIZON APPLIANCE & ELECTRONICS INC,horizon
3009762,HORIZON APPLIANCE REPAIR-DV,horizon
2603404,HORIZON ASSISTED LIVING CORP,horizon
2501921,HORIZON ASSISTED LVNG OF FRBNKS LLC,horizon
1940093,HORIZON AT 77TH,horizon
1420050,HORIZON AT FOREST HILLS LLC,horizon
1342328,HORIZON AT JERICHO LLC,horizon
1931339,HORIZON AT RIDGE HILL LLC,horizon
1342329,HORIZON AT ROSLYN LLC,horizon
1241465,HORIZON AT WESTBURY LLC,horizon
1683690,HORIZON AT WILDWD CNSLTN GRP LLC-AT,horizon
650750,HORIZON AUDIO INC,horizon
3168544,HORIZON AUDIOLOGY INC-NY,horizon
3287242,HORIZON AUTO GLASS INC-WA,horizon
79944,HORIZON AUTO SALES INC-DV,horizon
2108443,HORIZON AUTOMOTIVE GROUP INC,horizon
3209214,HORIZON AVL SYSTEM INTEGRATN LLC-NY,horizon
1206273,HORIZON AWARDS,horizon
1804381,HORIZON AWNING LLC-SE,horizon
1113429,HORIZON BAIL BONDS INC,horizon
702145,HORIZON BANCORP,horizon
1013728,HORIZON BANKS NA-DV,horizon
1683343,HORIZON BAY,horizon
2641938,HORIZON BEAUTY GROUP LLC-NY,horizon
2881439,HORIZON BEER & MUSIC FESTIVAL,horizon
2617568,HORIZON BEHAVIORAL HEALTH,horizon
2759332,HORIZON BEHAVIORAL HEALTH PC-SV,horizon
1607645,HORIZON BEVERAGE GROUP INC,horizon
3079703,HORIZON BEYOND STUDIOS INC-NY,horizon
844956,HORIZON BLIND CLEANING,horizon
3178608,HORIZON BLINDS & MORE INC-MF,horizon
957170,HORIZON BLUE CROSS & BL SHLD NJ INC,horizon
129770,HORIZON BOOKS INC,horizon
647329,HORIZON BOW CO INC,horizon
3068695,HORIZON BROKERS & CONSULTNTS LLC-RD,horizon
2801559,HORIZON BUILDERS GROUP LLC,horizon
2676667,HORIZON BUILDING & CONSTRUCTIONS CO,horizon
1129937,HORIZON BUILDING INC,horizon
942925,HORIZON BUILDING SYSTEMS INC-SA,horizon
421631,HORIZON BUSINESS ASSN,horizon
3033126,HORIZON BUSINESS BROKERS LLC-WA,horizon
2085179,HORIZON BUSINESS FUNDING LLC-NY,horizon
2107646,HORIZON BUSINESS MACHINE LLC,horizon
1568108,HORIZON BUSINESS SVCS INC,horizon
307990,HORIZON CABLE INC,horizon
587928,HORIZON CABLEVISION INC,horizon
862932,HORIZON CAMPING ASSOC,horizon
1758963,HORIZON CAPITAL GROUP LLC,horizon
881777,HORIZON CAPITAL INVESTMENTS INC,horizon
1481998,HORIZON CARBIDE TOOL INC,horizon
3235994,HORIZON CARE,horizon
1839702,HORIZON CARE CTR,horizon
1429083,HORIZON CARE SVCS INC,horizon
1379757,HORIZON CAREER,horizon
2581449,HORIZON CARPENTRY INC,horizon
723235,HORIZON CARPET,horizon
2710630,HORIZON CARPET CLEANING-LV,horizon
710543,HORIZON CARPET CLEANING-TM,horizon
3184582,HORIZON CASH CAR RENTAL-AT,horizon
129340,HORIZON CELLULAR TELEPHONE CO LP,horizon
3141761,HORIZON CHEMICAL CO INC-MS,horizon
2554373,HORIZON CHILD DEVELOPMENT CTR LTD,horizon
2678045,HORIZON CHILD DEVELOPMENT CTR LTD,horizon
2811742,HORIZON CHILD DEVELOPMENT INC,horizon
3033358,HORIZON CHIMNEY SVCS INC-BS,horizon
1429513,HORIZON CHIROPRACTC & WLLNSS CTR PC,horizon
2267841,HORIZON CHIROPRACTIC CTR LLC,horizon
984690,HORIZON CHIROPRACTIC CTRS PC,horizon
2260479,HORIZON CHRISTIAN ACADEMY,horizon
1814422,HORIZON CHRISTIAN CHURCH,horizon
772366,HORIZON CHRISTIAN FELLOWSHIP,horizon
2833473,HORIZON CHRISTIAN HIGH SCHOOL,horizon
2833474,HORIZON CHRISTIAN SCHOOLS,horizon
1994656,HORIZON CHRISTIN FLLWSHP RNCH SNT F,horizon
1088268,HORIZON CHURCH,horizon
2007195,HORIZON CINEMAS INC,horizon
1087320,HORIZON CLEARING INC,horizon
1184386,HORIZON CLINICAL RESEARCH ASSC PLLC,horizon
673197,HORIZON CLUB RETIREMENT COMMUNITY,horizon
357844,HORIZON CLUB-PX,horizon
2958540,HORIZON CME INC-PR,horizon
1482000,HORIZON CNC PRODUCTS INC,horizon
2695321,HORIZON COFFEE SVC INC,horizon
1722609,HORIZON COLLEGE & SEMINARY-XQ,horizon
672547,HORIZON COLOR GRAPHICS INC,horizon
3051047,HORIZON COMMERCIAL LEASING-CM,horizon
2806265,HORIZON COMMERCIAL REALTY LLC-LO,horizon
2470065,HORIZON COMMUNICATNS TCHNLGS INC-LA,horizon
1066537,HORIZON COMMUNITIES INC-CP,horizon
903062,HORIZON COMMUNITIES LLC-LA,horizon
2733717,HORIZON COMMUNITY BANK INC,horizon
1178867,HORIZON COMMUNITY CHURCH,horizon
1031715,HORIZON COMMUNITY CREDIT UNION-GB,horizon
2787052,HORIZON COMMUNITY FS OF NRN KTY INC,horizon
888198,HORIZON COMMUNITY LEARNING CTR-PX,horizon
789625,HORIZON COMPUTER RESOURCES,horizon
1404975,HORIZON CONCERT SERIES,horizon
3033408,HORIZON CONCRETE CONSTRUCTIN LLC-HN,horizon
1229209,HORIZON CONDOMINIUMS-AT,horizon
1178772,HORIZON CONDOMINIUMS-NY,horizon
1990613,HORIZON CONFERENCE,horizon
2311515,HORIZON CONSTRUCTION & REMODLNG INC,horizon
386025,HORIZON CONSTRUCTION CO LTD,horizon
2981779,HORIZON CONSTRUCTION INC-BR,horizon
1160349,HORIZON CONSULTING SVCS LLC,horizon
1063228,HORIZON CONTRACTING CO,horizon
2272656,HORIZON CONTRACTORS INC,horizon
1897385,HORIZON CORP,horizon
423894,HORIZON CORP-HN,horizon
886414,HORIZON COSMETIC IMAGE CTR,horizon
1642398,HORIZON CREDIT SVCS LLC,horizon
1207641,HORIZON CREDIT UNION-CC,horizon
782409,HORIZON CREDIT UNION-SK,horizon
2779580,HORIZON CREDIT UNION-TA,horizon
726929,HORIZON CRUISES INC,horizon
4313623,HORIZON CTR SCHOOL OF HYPNOTHRPY-XC,horizon
342002,HORIZON CYCLES INC,horizon
1048336,HORIZON DANCE ALLIANCE,horizon
307057,HORIZON DART SUPPLY,horizon
2560110,HORIZON DARTS INC-KC,horizon
2045538,HORIZON DATA CTR SOLUTIONS LLC,horizon
3135519,HORIZON DAWN,horizon
1888194,HORIZON DEBT GROUP LLC,horizon
2751283,HORIZON DELIVERY LLC,horizon
3159580,HORIZON DENTAL ARTS PC-NY,horizon
1330446,HORIZON DENTAL CARE INC,horizon
1257780,HORIZON DENTAL CTR PC-OM,horizon
16581,HORIZON DENTAL CTRS-OM,horizon
1770689,HORIZON DENTAL GROUP LLC,horizon
2983241,HORIZON DENTAL GROUP LLC-CT,horizon
2241489,HORIZON DENTAL IMPLANT CTR LLC,horizon
1040430,HORIZON DENTAL PA-TM,horizon
2835431,HORIZON DENTAL-ST,horizon
2958548,HORIZON DERMATLGY & LSR INST INC-SF,horizon
2694687,HORIZON DESIGN & RENOVATION INC-LA,horizon
1805390,HORIZON DESIGNER RUGS,horizon
1226573,HORIZON DEVELOPMENT CORP-MM,horizon
303886,HORIZON DEVELOPMENT CORP-WA,horizon
1797340,HORIZON DEVELOPMENT HOLDINGS,horizon
900538,HORIZON DEVELOPMENT LC-DM,horizon
1329153,HORIZON DIGITAL FINANCE LLC,horizon
826090,HORIZON DIRECT INC-LA,horizon
340416,HORIZON DIRECT LLC,horizon
1926056,HORIZON DISCOVERY GROUP PLC,horizon
1481993,HORIZON DISTRIBUTORS INC,horizon
3290133,HORIZON DISTRIBUTORS INC-NO,horizon
1482001,HORIZON DISTRIBUTORS LTD,horizon
1207717,HORIZON DOLLAR,horizon
1176623,HORIZON DRYWALL INC,horizon
4122032,HORIZON DUPLICATION CORP-OD,horizon
1602417,HORIZON DVLPMT & ARZNA ACQUSTNS LLC,horizon
2916990,HORIZON EDUCATIL & PSYL SVCS LLC-PX,horizon
3082404,HORIZON EDUCATINL & PSYCHGL SVCS-PX,horizon
2503030,HORIZON EDUCATION CTRS,horizon
1889041,HORIZON EDUCATNL SVCS OF CLMBS INC,horizon
2922232,HORIZON ELDER LAW & EST PLNG INC-SF,horizon
2071118,HORIZON ELECTRIC CO,horizon
2996159,HORIZON ELECTRONIC SECURITY LLC-AT,horizon
903844,HORIZON ENERGY SYSTEMS INC-P1,horizon
881916,HORIZON ENTERPRISE INC-GH,horizon
2088234,HORIZON ENTERPRISES INC-PN,horizon
547812,HORIZON ENTERPRISES LTD,horizon
475733,HORIZON ENTERTAINMENT,horizon
1775718,HORIZON ENTERTAINMENT & PRDCTNS LLC,horizon
3148238,HORIZON ENTERTANMNT & ATRCNS LLC-NY,horizon
2965491,HORIZON ENVIRONMENTAL SVCS INC-AU,horizon
1969929,HORIZON EQUIPMENT LLC-MS,horizon
524439,HORIZON ESTATES HOMES,horizon
4145895,HORIZON EVENTS CTR,horizon
1591015,HORIZON EXPO LLC,horizon
2613438,HORIZON EXTERIORS LLC,horizon
1167989,HORIZON EYE CARE GROUP PC,horizon
523534,HORIZON EYE CARE PA,horizon
3158987,HORIZON EYE CTR-DL,horizon
1890956,HORIZON FAMILY DENTISTRY INC,horizon
1953052,HORIZON FAMILY MEDICINE INC-KN,horizon
2696437,HORIZON FAMILY MEDICINE-WB,horizon
896470,HORIZON FEDERAL CREDIT UNION-WB,horizon
2971746,HORIZON FENCE CO-SI,horizon
1648583,HORIZON FERTILIZERS LTD-XQ,horizon
1934297,HORIZON FINANCIAL & INSRNC ANCY LLC,horizon
971834,HORIZON FINANCIAL & INSURNC GRP INC,horizon
396350,HORIZON FINANCIAL CORP-MF,horizon
1292505,HORIZON FINANCIAL CORP-NY,horizon
900274,HORIZON FINANCIAL CORP-ST,horizon
1162855,HORIZON FINANCIAL GROUP INC,horizon
2485350,HORIZON FINANCIAL GROUP-NY,horizon
1049881,HORIZON FINANCIAL INC-GS-CT,horizon
1205196,HORIZON FINANCIAL MORTGAGE CORP-MS,horizon
543957,HORIZON FINANCIAL RESOURCES,horizon
2069911,HORIZON FINANCIAL SOLUTIONS INC,horizon
2793783,HORIZON FINANCIAL SVCS,horizon
1181841,HORIZON FINANCIAL SVCS CORP-DM,horizon
1921584,HORIZON FLEET,horizon
1896089,HORIZON FLIGHT CTR LLC,horizon
834277,HORIZON FLOOR COVERING INC,horizon
535348,HORIZON FLOOR TILE INC,horizon
3014186,HORIZON FLOORING INSPECTIONS LLC-TM,horizon
2187878,HORIZON FNDN INC-BT,horizon
2219997,HORIZON FNDN INC-FN,horizon
2612247,HORIZON FNDN INC-NY,horizon
2247666,HORIZON FOOD EQUIPMENT INC,horizon
817399,HORIZON FORD INC-ST,horizon
1621142,HORIZON FOREST PRODUCTS LP,horizon
1565303,HORIZON FOURSQUARE CHURCH,horizon
2758099,HORIZON FRANCHISE MEXICO,horizon
2306814,HORIZON FREIGHT LINES INC,horizon
1128567,HORIZON FREIGHT SYSTEMS INC,horizon
1037359,HORIZON FRIENDS INC,horizon
590180,HORIZON FUN F/X,horizon
3095015,HORIZON FUNDING GROUP INC-NY,horizon
2249109,HORIZON FUNERAL & CREMATIN SVCS INC,horizon
3280957,HORIZON FUNERAL CARE LLC-PX,horizon
656310,HORIZON FURNITURE MFG LLC-SK,horizon
200995,HORIZON GALLERY,horizon
3096162,HORIZON GARAGE DOORS-AT,horizon
3191959,HORIZON GARDEN & LANDSCAP SPCLTS-PR,horizon
3232232,HORIZON GLASS,horizon
1610655,HORIZON GLASS CO-DV,horizon
3891825,HORIZON GLOBAL ACADEMY,horizon
464901,HORIZON GLOBAL CORP,horizon
3183564,HORIZON GLOBAL MNGMNT & INGR CO LTD,horizon
2726761,HORIZON GLOBAL PTY LTD,horizon
2861338,HORIZON GOLD,horizon
915651,HORIZON GOLD CLUB INC,horizon
937336,HORIZON GOLD INC,horizon
1882824,HORIZON GOLF CTR LLC,horizon
1917266,HORIZON GROUP,horizon
4249623,HORIZON GROUP INC-DR,horizon
2671047,HORIZON GROUP INTL INC,horizon
1596864,HORIZON GROUP INVESTMENTS INC,horizon
2272696,HORIZON GROUP MANAGEMENT LLC-CH,horizon
420434,HORIZON GROUP PROPERTIES INC-PX,horizon
1625653,HORIZON GROUP USA INC,horizon
2253179,HORIZON GROUP XXIII LLC,horizon
2842712,HORIZON GUIDES,horizon
4445731,HORIZON HEALING LLC-MS,horizon
1292101,HORIZON HEALTH & FITNESS INC,horizon
2099933,HORIZON HEALTH & REHABILITATION CTR,horizon
1936513,HORIZON HEALTH & SUBACUTE LLC,horizon
3034620,HORIZON HEALTH & WELLNESS INC,horizon
1992454,HORIZON HEALTH CARE INC,horizon
2235305,HORIZON HEALTH CARE INC-SU,horizon
1345630,HORIZON HEALTH CTR INC-NY,horizon
483962,HORIZON HEALTH CTR-CH,horizon
308551,HORIZON HEALTH GROUP INC,horizon
1760829,HORIZON HEALTH MANAGEMENT CO,horizon
2315282,HORIZON HEALTH MEDICAL CTR CORP,horizon
739031,HORIZON HEALTH SAVINGS PLAN,horizon
1421087,HORIZON HEALTH SVCS INC,horizon
1651710,HORIZON HEALTHCARE CTR LLC,horizon
2119692,HORIZON HEALTHCARE INST INC,horizon
805014,HORIZON HEALTHCARE OF PENN INC,horizon
4021409,HORIZON HEALTHCARE PARTNERS,horizon
2934905,HORIZON HEALTHCARE SVCS INC,horizon
1841888,HORIZON HEARING CTRS LTD,horizon
2059113,HORIZON HEATING & AIR CONDITNNG LLC,horizon
1748700,HORIZON HEATING & AIR INC,horizon
354244,HORIZON HEATING & AR CNDTNNG INC-LA,horizon
129771,HORIZON HELICOPTER TOURS,horizon
1941653,HORIZON HELICOPTERS INC,horizon
354000,HORIZON HIGH REACH-NY,horizon
707168,HORIZON HIGH SCHOOL,horizon
1111776,HORIZON HILLS HALL INC,horizon
2044326,HORIZON HOBBY AIR MEET,horizon
993629,HORIZON HOBBY LLC,horizon
336639,HORIZON HOLDING CO-MF,horizon
698999,HORIZON HOLDING CORP,horizon
1707633,HORIZON HOLDINGS INC,horizon
384708,HORIZON HOLIDAYS INC,horizon
897420,HORIZON HOME CARE & HOSPICE INC-MI,horizon
1814329,HORIZON HOME CARE LLC-TM,horizon
2929030,HORIZON HOME CLEANING,horizon
918042,HORIZON HOME CTR INC,horizon
1583843,HORIZON HOME HEALTHCARE,horizon
2599810,HORIZON HOME IMPORTS INC,horizon
1324565,HORIZON HOME IMPROVEMENT INC,horizon
1147652,HORIZON HOME LOANS INC-CN,horizon
2242717,HORIZON HOME TEAM INC,horizon
1133914,HORIZON HOMEBUILDERS INC,horizon
2158228,HORIZON HOMES AT MOBILAND II LLC,horizon
2163446,HORIZON HOMES AT RIVERVIEW INC-OD,horizon
1123624,HORIZON HOMES INC-SL,horizon
119513,HORIZON HOMES INC-TM,horizon
884873,HORIZON HOMES LTD-DL,horizon
1018259,HORIZON HOMES OF CENTRL FLRD INC-OD,horizon
2318353,HORIZON HOMES OF UTAH INC,horizon
923865,HORIZON HOMES REALTY INC,horizon
2677917,HORIZON HOSPICE,horizon
2938709,HORIZON HOSPITALITY LLC,horizon
1565152,HORIZON HOSPITALITY MANAGEMENT INC,horizon
2843113,HORIZON HOTELS & SUITES LTD,horizon
3549,HORIZON HOTELS LTD,horizon
1660134,HORIZON HOUSE INC-IL,horizon
1025155,HORIZON HOUSE INC-PH,horizon
391671,HORIZON HOUSE INC-ST,horizon
1373541,HORIZON HOUSE PUBLICATIONS INC,horizon
1869453,HORIZON HOUSEWORKS LLC,horizon
1773019,HORIZON HVAC LLC,horizon
1009995,HORIZON HYPNOTHERAPY INC,horizon
934764,HORIZON IMPROVEMENT CO INC,horizon
2943975,HORIZON INC,horizon
27884,HORIZON INC-BS,horizon
2965380,HORIZON INC-DV,horizon
702546,HORIZON INC-MI,horizon
1174110,HORIZON INDOOR SPORTS CTR CORP,horizon
2632349,HORIZON INDUSTRIES INC,horizon
1784597,HORIZON INFORMATION GROUP INC,horizon
3054385,HORIZON INK,horizon
525674,HORIZON INN,horizon
3225157,HORIZON INN & OCEAN VIEW LODGE-ML,horizon
3081355,HORIZON INSPECTIONS LLC-NY,horizon
782204,HORIZON INST FOR CLINICAL RESEARCH,horizon
2160264,HORIZON INST OF SPTS THLY & TH ARTS,horizon
362900,HORIZON INST-WA,horizon
2066042,HORIZON INSTALL GROUP INC,horizon
1195963,HORIZON INSTRUCTIONAL SYSTEMS,horizon
1482005,HORIZON INSTRUMENTS LTD,horizon
1384221,HORIZON INSURANCE GROUP INC-PX,horizon
2761271,HORIZON INSURANCE GROUP LLC-NA,horizon
2021703,HORIZON INSURANCE INC,horizon
1542858,HORIZON INSURANCE SVCS INC-CO,horizon
1482006,HORIZON INTERACTIVE AWARDS,horizon
2115373,HORIZON INTERACTIVE LLC-BS,horizon
3208898,HORIZON INTERIOR DESIGN LLC-DE,horizon
2069711,HORIZON INTERIORS LLC,horizon
1482007,HORIZON INTL FLIGHT ACADEMY LLC,horizon
1410874,HORIZON INTL SALES OF COSTA RICA,horizon
1544005,HORIZON INVEST,horizon
2085188,HORIZON INVESTMENT & DEVELPMNT CORP,horizon
1078988,HORIZON INVESTMENT & MANAGEMNT CORP,horizon
963405,HORIZON INVESTMENTS GROUP LLC,horizon
1367610,HORIZON INVESTMENTS I LLC,horizon
2887621,HORIZON INVESTMENTS LLC,horizon
952505,HORIZON ITALIAN TILE INC,horizon
2054999,HORIZON KARON BEACH RESORT & SPA,horizon
1987267,HORIZON KINETICS LLC,horizon
2646959,HORIZON LAND CO LLC,horizon
3008593,HORIZON LAND MANAGEMENT LLC,horizon
4056477,HORIZON LANDSCAPE CO INC-NY,horizon
888165,HORIZON LANDSCAPE MANAGEMENT LLC,horizon
2561768,HORIZON LANDSCAPING INC,horizon
2022276,HORIZON LANDSCPNG & SPRNKLRS INC-BL,horizon
1689181,HORIZON LAWN & GARDEN STORE,horizon
1702946,HORIZON LEARNING CONNECTION,horizon
1651579,HORIZON LIGHTSCAPES INC,horizon
3194553,HORIZON LIMOS & PARTY BUSES-ST,horizon
2541632,HORIZON LINK LLC,horizon
4434089,HORIZON LLC,horizon
2028309,HORIZON LOGISTICS CONSULTING LLC,horizon
655658,HORIZON LTD,horizon
882127,HORIZON LUSSIER LTD-XI,horizon
674291,HORIZON MACEDONIAN VIDEO,horizon
3067213,HORIZON MACHINE & ATTACHMNTS LLC-BD,horizon
1221552,HORIZON MANAGEMENT GROUP LLC-SF,horizon
864193,HORIZON MANAGEMENT-SC,horizon
3197616,HORIZON MANUFACTURED HOMES INC,horizon
2581230,HORIZON MANUFACTURING INC,horizon
1867082,HORIZON MARKETING GROUP INC,horizon
107929,HORIZON MARKETING INC,horizon
954113,HORIZON MARKETING OF STH FLRD INC,horizon
1865381,HORIZON MASSAGE,horizon
3221742,HORIZON MASSAGE SPA-SF,horizon
905956,HORIZON MATTRESS,horizon
40090,HORIZON MAZDA-LA,horizon
1037091,HORIZON MECHANICAL INC,horizon
3216899,HORIZON MECHANICAL SVCS LLC-WA,horizon
1636743,HORIZON MECHANICAL-TL,horizon
539415,HORIZON MEDCL EQPMNT & SPPLY INC-CG,horizon
93335,HORIZON MEDIA,horizon
785062,HORIZON MEDIA INC,horizon
3139640,HORIZON MEDIA LTD,horizon
1269907,HORIZON MEDIA-DE,horizon
2193435,HORIZON MEDICAL ASSOC LLC-AT,horizon
436454,HORIZON MEDICAL ASSOC PC-GR,horizon
2760013,HORIZON MEDICAL ASSOC-PH,horizon
2019459,HORIZON MEDICAL CORP PC,horizon
2901499,HORIZON MEDICAL CTR LTD-CH,horizon
666224,HORIZON MEDICAL CTR-JA,horizon
1009349,HORIZON MEDICAL CTR-LA,horizon
948121,HORIZON MEDICAL GROUP INC,horizon
1122402,HORIZON MEDICAL GROUP PC,horizon
2161136,HORIZON MEDICAL HEALTH CTR PLLC,horizon
1238532,HORIZON MEDICAL INST,horizon
2684755,HORIZON MEDICAL PARTNERSHIP GROUP,horizon
2797187,HORIZON MEDICAL SOLUTIONS LLC,horizon
1664090,HORIZON MEDICAL WEIGHT LOSS CTR LLC,horizon
938034,HORIZON MEDICL EQPMNT & SPLY INC-HX,horizon
340417,HORIZON MENTAL HEALTH MGMT,horizon
921534,HORIZON MERCHANT INC,horizon
793164,HORIZON MERCY,horizon
1482002,HORIZON METAL FABRICATION LTD,horizon
2252419,HORIZON METAL RECYCLING,horizon
752117,HORIZON MOBILE HOMES & SVCS INC-E1,horizon
758976,HORIZON MOBILITY INC,horizon
3981189,HORIZON MOBILITY LTD,horizon
3117338,HORIZON MODERN DNSRY & ORHDN LLP-PX,horizon
2532401,HORIZON MONTESSORI PUBLIC SCHOOLS,horizon
1176953,HORIZON MONTESSORI SCHOOL-CA,horizon
282881,HORIZON MORTGAGE & INVESTMENT-ST,horizon
1312578,HORIZON MORTGAGE CORP-TM,horizon
1134560,HORIZON MORTGAGE CTR-LV,horizon
1951664,HORIZON MOTION PICTURES INC,horizon
1961328,HORIZON MOTOR COACH INC,horizon
890656,HORIZON MOTORSPORTS LTD,horizon
2840571,HORIZON MOTORSPORTS OF COLRD LLC-DV,horizon
531617,HORIZON MOVING SYSTEMS INC,horizon
2557125,HORIZON MUD CO INC,horizon
1057344,HORIZON MUSIC GROUP INC,horizon
1279544,HORIZON NATL COMMERCIAL SVCS LLC,horizon
1308972,HORIZON NATL TRUST CORP,horizon
98651,HORIZON NETWORK,horizon
876248,HORIZON NETWORK-KN,horizon
1049880,HORIZON NETWORKS LLC-XB,horizon
1641969,HORIZON NEW HOME DEVELOPERS LLC,horizon
296545,HORIZON NEW YORK INST OF TECHNOLOGY,horizon
3817381,HORIZON NJ HEALTH,horizon
1782482,HORIZON NONPROFIT COLLECTIVE,horizon
2393712,HORIZON NORTH LOGISTICS INC,horizon
1986873,HORIZON OFFICE EQUIPMENT LLC-NY,horizon
941331,HORIZON OMNIMEDIA CORP,horizon
516646,HORIZON ON THE LAKE,horizon
667780,HORIZON OPEN MRI,horizon
1217692,HORIZON OPERATIONS CANADA LTD,horizon
1234668,HORIZON OPTICAL,horizon
1482009,HORIZON ORGANIC,horizon
1389580,HORIZON ORTHTC & PRSTHTC EXPRNC INC,horizon
3015993,HORIZON OUTDOOR HOSPITALITY GROP-LA,horizon
1058204,HORIZON OUTDOOR-KC,horizon
2753942,HORIZON OUTLET CTR-HN,horizon
217309,HORIZON PACIFIC INC,horizon
931308,HORIZON PACIFIC REALTY,horizon
2894713,HORIZON PACKAGE TESTING SVC INC,horizon
2677940,HORIZON PAINTING & RENOVATION LLC,horizon
1482010,HORIZON PAPER CO INC,horizon
2054314,HORIZON PATONG BEACH RESORT & SPA,horizon
4000613,HORIZON PAVERS LLC-HN,horizon
1378140,HORIZON PAYROLL SVCS INC,horizon
1308133,HORIZON PERSONAL TRANNG & NTRTN LLC,horizon
2574659,HORIZON PEST CONTROL CORP-NY,horizon
1157322,HORIZON PEST MANAGEMENT INC,horizon
2001083,HORIZON PHARMA INC,horizon
653065,HORIZON PHARMACEUTICALS PLC,horizon
4313777,HORIZON PHONE ACCESSORIES INC,horizon
2121350,HORIZON PLACE,horizon
1612012,HORIZON PLASTIC SUGERY SEMINAR,horizon
2993121,HORIZON PLUMBING LTD-DL,horizon
2248867,HORIZON PLUS FINANCIAL LTD-XC,horizon
789754,HORIZON POOLS & SPAS INC-TA,horizon
1081786,HORIZON POOLS & SPAS INC-WS,horizon
341053,HORIZON POOLS & SPAS-DL,horizon
1714849,HORIZON POWER & LIGHT LLC,horizon
1994792,HORIZON POWER SYSTEMS INC,horizon
3054026,HORIZON PREGNANCY CLINIC-LA,horizon
1548681,HORIZON PREGNANCY CTR,horizon
452278,HORIZON PREMIUM HORSE FEED,horizon
459590,HORIZON PRESS,horizon
262659,HORIZON PRODUCTIONS INC,horizon
1744743,HORIZON PROFESSIONAL EDUCATION INC,horizon
4412414,HORIZON PROFESSNL WNDW CLNNG INC-SD,horizon
1975486,HORIZON PROJECT INC,horizon
2958556,HORIZON PROJECTS CONSULTING CORP-SF,horizon
995673,HORIZON PROPANE LLC,horizon
758633,HORIZON PROPERTIES & INVESTMENTS-OD,horizon
1166272,HORIZON PROPERTIES CORP-AT,horizon
2608498,HORIZON PROPERTIES GROUP LLC,horizon
482916,HORIZON PROPERTIES INC-DY,horizon
881477,HORIZON PROPERTIES INC-FS,horizon
1707041,HORIZON PROPERTIES OF DURANGO LLC,horizon
1414839,HORIZON PROPERTY MANAGEMENT LLC,horizon
2860238,HORIZON PROSTHETICS LLC,horizon
4293107,HORIZON PSYCHOLOGICAL SVCS INC,horizon
3225712,HORIZON PUBLIC ADJUSTERS LLC-WP,horizon
2874814,HORIZON PUBLICATIONS INC,horizon
802310,HORIZON PUBLICATIONS INC,horizon
2776484,HORIZON PUBLICATIONS MGMNT SVCS INC,horizon
200946,HORIZON PUBLISHERS & DISTRIBTRS INC,horizon
810784,HORIZON PUBLISHING CO,horizon
2603179,HORIZON PVP,horizon
2919997,HORIZON PWR,horizon
2854411,HORIZON RC FEST,horizon
1261950,HORIZON REAL ESTATE GROUP,horizon
2665111,HORIZON REAL ESTATE GROUP LLC-ST,horizon
4417285,HORIZON REAL ESTATE-TO,horizon
2616870,HORIZON REALTY ADVISORS LLC-RD,horizon
2738899,HORIZON REALTY ADVISORS LLC-RE,horizon
2597947,HORIZON REALTY ADVISORS LLC-ST,horizon
2081792,HORIZON REALTY GROUP LLC-LV,horizon
1077604,HORIZON REALTY GROUP-NY,horizon
2546785,HORIZON REALTY INC,horizon
1482011,HORIZON REALTY LLC,horizon
2786396,HORIZON REALTY MANAGEMENT INC,horizon
160305,HORIZON REALTY MANAGEMENT-HT,horizon
791042,HORIZON REALTY OF ALACHUA INC-MF,horizon
1618402,HORIZON REHABILITATION INC,horizon
736475,HORIZON RENT A CAR,horizon
2694689,HORIZON RENTAL CAR LLC,horizon
3082887,HORIZON RENTAL PROPERTIES INC,horizon
1366371,HORIZON RENTALS & PRPRTY MNGMNT INC,horizon
3122466,HORIZON REPROGRAPHICS LLC-DV,horizon
2062653,HORIZON RESEARCH GROUP LLC,horizon
75448,HORIZON RESEARCH INC,horizon
2102931,HORIZON RESEARCH INTL,horizon
454718,HORIZON RESORTS INC,horizon
1086669,HORIZON RESOURCES GROUP,horizon
3156167,HORIZON RESOURCES INC-SD,horizon
384766,HORIZON RESTAURANT GROUP,horizon
363438,HORIZON RESTAURANTS INC,horizon
3057352,HORIZON RESTORATION CORP-CH,horizon
796626,HORIZON RESTORATIONS LLC,horizon
1482012,HORIZON RETAIL CONSTRUCTION INC,horizon
2611620,HORIZON RETIREMENT ADVISORS LLC,horizon
29792,HORIZON RETIREMENT CTR,horizon
4215147,HORIZON REVENUE SOLUTIONS LLC,horizon
775659,HORIZON RIDGE REAL ESTATE INC,horizon
2861334,HORIZON ROOFING & CONSTRCTN CORP-TL,horizon
2672017,HORIZON ROOFING INC-MS,horizon
755256,HORIZON ROOFING INC-RP,horizon
1791455,HORIZON RUGS,horizon
2532035,HORIZON RUGS & HOME LLC,horizon
2040530,HORIZON RV CTR INC-TT,horizon
2164291,HORIZON SALES CORP,horizon
1314540,HORIZON SANCTUARY,horizon
771127,HORIZON SATELLITE-KC,horizon
1094003,HORIZON SATELLITE-TL,horizon
84762,HORIZON SAVINGS & LOAN CO INC,horizon
405589,HORIZON SCHOOL INC,horizon
665274,HORIZON SCIENCE ACADEMY,horizon
723904,HORIZON SECURITY & VAULT COMPLEX,horizon
2307333,HORIZON SEEDS CANADA INC,horizon
1439224,HORIZON SENIOR HOUSING LLC,horizon
1737934,HORIZON SENIOR SVCS LLC,horizon
147912,HORIZON SHOWROOM INC,horizon
930232,HORIZON SHOWROOM INC-LA,horizon
5388,HORIZON SHOWROOMS,horizon
4423244,HORIZON SIGN CO-SL,horizon
2310322,HORIZON SIGNAL TECHNOLOGIES INC-PH,horizon
1529217,HORIZON SIMULATION LTD,horizon
3340083,HORIZON SMOG TEST CTRS-SS,horizon
4263102,HORIZON SOCIAL MEDIA,horizon
2116296,HORIZON SOFTECH INC,horizon
4024821,HORIZON SOFTWARE SYSTEMS LTD,horizon
2029727,HORIZON SOLAR POWER,horizon
2698170,HORIZON SOLUTIONS INC,horizon
1382255,HORIZON SOLUTIONS LLC,horizon
2698451,HORIZON SOUTHWEST ENTERPRISES INC,horizon
2075182,HORIZON SPECIALTY HOSPITAL-LV,horizon
3212464,HORIZON SPEECH THERAPY SVC-NY,horizon
942070,HORIZON SPINE CTR,horizon
1017443,HORIZON SPORTS,horizon
702084,HORIZON SPORTS SPECIALISTS INC-AS,horizon
1598783,HORIZON SPORTS TECHNOLOGIES INC,horizon
2617417,HORIZON STAFFING INC,horizon
1419258,HORIZON STAR ENTERPRIZES LTD,horizon
1353441,HORIZON STONE LLC,horizon
1548394,HORIZON STRUCTURES LLC,horizon
1534594,HORIZON STUDIOS,horizon
2318867,HORIZON STUDY,horizon
1042407,HORIZON SUNROOMS & SPAS INC,horizon
2051535,HORIZON SUPPLY & SVC LLC,horizon
2479349,HORIZON SURGICAL GROUP PA,horizon
2693409,HORIZON SURGICAL SPECIALISTS PA,horizon
1482015,HORIZON SVCS GROUP LLC,horizon
1039600,HORIZON SVCS INC-PH,horizon
1111184,HORIZON SVCS INC-SF,horizon
1560387,HORIZON SWISS FLIGHT ACADEMY,horizon
1482016,HORIZON SYSTEMS,horizon
1555550,HORIZON SYSTEMS LLC,horizon
2306131,HORIZON TALK LLC,horizon
3158519,HORIZON TAPE PRODUCTS CO,horizon
2574952,HORIZON TAX RELIEF,horizon
2536720,HORIZON TAX RELIEF INC-LA,horizon
2554855,HORIZON TAX RELIEF-BT,horizon
357992,HORIZON TEA & SPICE CO,horizon
1878559,HORIZON TEAM,horizon
1534175,HORIZON TECHNOLOGIES LLC,horizon
2017013,HORIZON TECHNOLOGY FNNC MNGMNT LLC,horizon
2706573,HORIZON TECHNOLOGY INC-BS,horizon
647151,HORIZON TELCOM INC-CN-CO,horizon
2555261,HORIZON THEATRE CO,horizon
859575,HORIZON THEATRE CO,horizon
2919053,HORIZON THERAPEUTICS PLC,horizon
1929097,HORIZON TILE & STONE GALLERY INC,horizon
2850502,HORIZON TIMES,horizon
2300680,HORIZON TIRE,horizon
3942385,HORIZON TIRE INC,horizon
2276356,HORIZON TOURS INC-NO,horizon
2011086,HORIZON TOURS-HN,horizon
2272682,HORIZON TOWN CAR INC,horizon
136382,HORIZON TOWNHOMES,horizon
2940578,HORIZON TRADE SOLUTIONS INC,horizon
3150987,HORIZON TRADES INC-NA,horizon
3232938,HORIZON TRADING,horizon
1820058,HORIZON TRAILERS LTD-HN,horizon
808064,HORIZON TRAILERS-SL,horizon
2728360,HORIZON TRAILS LLC-KC,horizon
499033,HORIZON TRAINING & DEVELOPMENT,horizon
1407633,HORIZON TRANSPORT INC,horizon
2663649,HORIZON TRANSPORTATION INC,horizon
1589201,HORIZON TRAVEL LLC-DL,horizon
1091682,HORIZON TRAVEL PLAZA LLC,horizon
1949345,HORIZON TRIKE CTR-DL,horizon
1808456,HORIZON TRUCK SALES & LEASING-CH,horizon
1808433,HORIZON TRUCK SALES & LEASING-WA,horizon
1921129,HORIZON TRUCK SCHOOL LLC,horizon
2224711,HORIZON TRUCKING LLC,horizon
2269204,HORIZON TRUST CO,horizon
1004690,HORIZON TURF INC,horizon
2984501,HORIZON UNDERGROUND INC-LA,horizon
2898165,HORIZON UPTOWN COMMNTY ENRHMT ASSOC,horizon
3114840,HORIZON USA DATA SUPPLIES INC,horizon
879483,HORIZON UTAH FEDERAL CREDIT UNIN-SC,horizon
3015486,HORIZON VACATIONS LLC-DL,horizon
2030007,HORIZON VEIN & AESTHETIC CTR,horizon
2963510,HORIZON VENTURES LLC-PR,horizon
1329383,HORIZON VETERINARY HOSPITAL,horizon
2797237,HORIZON VETERINARY SPECIALISTS,horizon
1482017,HORIZON VETERINARY SVCS INC-IL,horizon
675309,HORIZON VIDEO PRODUCTIONS,horizon
2752605,HORIZON VIDEO TECHNOLOGIES INC,horizon
1699274,HORIZON VIEW CARE HOME,horizon
2310963,HORIZON VIEW FARMS LLC,horizon
1422639,HORIZON VILLAGE AT SOMERSET LLC,horizon
2119754,HORIZON VILLAGE CO-OP INC,horizon
926298,HORIZON VILLAGE RETIREMNT CMMNTY-PR,horizon
838966,HORIZON VILLAGE-PX,horizon
2213437,HORIZON VISION CTRS INC,horizon
1182206,HORIZON WAREHOUSE LIQUOR INC,horizon
1363032,HORIZON WASTE LLC,horizon
1918430,HORIZON WASTE SVC INC,horizon
3297396,HORIZON WATCHES CO,horizon
2851986,HORIZON WATER PARK LLC,horizon
1928803,HORIZON WEIGHT LOSS CTR-CN,horizon
1773960,HORIZON WEIGHT LOSS LLC-CG-OD-CN,horizon
3906706,HORIZON WEST AUTO GLASS INC-SB,horizon
417395,HORIZON WEST GABLES REHAB HOSPITAL,horizon
326919,HORIZON WEST HEALTHCARE INC,horizon
2217446,HORIZON WEST INC,horizon
886994,HORIZON WINDOW & DOOR INC-LA,horizon
3041733,HORIZON WINDOW CLEANING-AT,horizon
1054308,HORIZON WINDOW TREATMENTS INC,horizon
843803,HORIZON WINDOWS & SUNROOFS LTD-TO,horizon
4000375,HORIZON WIREGRASS RANCH-TM,horizon
1379544,HORIZON WIRELESS-NY,horizon
2637031,HORIZON WORKSITE ADVISORS LLC,horizon
2005951,HORIZON WORLDWIDE CORP,horizon
3223601,HORIZON YACHT CHARTERS,horizon
2062911,HORIZON YACHT CHARTERS LTD,horizon
3224647,HORIZON YACHT SALES,horizon
2755214,HORIZON YACHTS INC,horizon
3274893,HORIZON-AU,horizon
1776054,HORIZON-FLAMKO,horizon
2129705,HORIZON-JA,horizon
3183628,HORIZON-MD,horizon
2789925,HORIZON-NY,horizon
2641261,HORIZON-ZENITH-EVEREST,horizon
2769691,HORIZON/DEER CREEK DEVLPMNT CORP-DL,horizon
2996107,HORIZONFIBERGLASSPOOLS.COM,horizon
1253635,HORIZONFSBO.COM,horizon
3324342,HORIZONMAINSTREETFUNDING.COM,horizon
3051685,HORIZONPSI INC-TP,horizon
1066289,HORIZONS,horizon
439348,HORIZONS & COTTAGES,horizon
4265590,HORIZONS 251 LLC-HV,horizon
805972,HORIZONS 4 CONDOMINIUMS INC,horizon
1234915,HORIZONS A FAMILY SVC ALLIANCE-CW,horizon
2679355,HORIZONS AMERICA INC,horizon
161050,HORIZONS APARTMENTS,horizon
259654,HORIZONS ART INC,horizon
656375,HORIZONS AT FOSSIL CREEK,horizon
307736,HORIZONS AT GREEN BROOK,horizon
2769566,HORIZONS AT GREEN FARMS ACADEMY,horizon
506164,HORIZONS AT ROCK CREEK APTS,horizon
1979745,HORIZONS AT THE VILLAGE AT WHITEHLL,horizon
934884,HORIZONS BUSINESS COLLEGE,horizon
2032369,HORIZONS CHILDRENS CTR,horizon
1182592,HORIZONS CHURCH,horizon
3318636,HORIZONS CLEANING SVCS LLC-TM,horizon
1690145,HORIZONS CLINICAL RESEARCH CTR LLC,horizon
1064067,HORIZONS COALITION OF PALM BCH CNTY,horizon
3000161,HORIZONS COMMERCIAL CLEANING INC-CH,horizon
1719264,HORIZONS COMMUNITY CHURCH,horizon
391929,HORIZONS CONTINENTAL CUISINE,horizon
759726,HORIZONS CONVENTION CTR CORP,horizon
1919798,HORIZONS DIAGNOSTICS LLC,horizon
2240933,HORIZONS DU MONDE,horizon
1356346,HORIZONS DVD & GIFTS,horizon
762247,HORIZONS EDGE EXCURSIONS LLC,horizon
164550,HORIZONS EDUCATION SVCS INC,horizon
2393733,HORIZONS ETF MANAGEMENT CANADA INC,horizon
727861,HORIZONS FISHING TOURNAMENT,horizon
867537,HORIZONS FLOWER & GIFTS INC,horizon
715678,HORIZONS FNDN,horizon
2123669,HORIZONS FOOD OF THE FUTURE INC,horizon
1072670,HORIZONS FOR HOMELESS CHILDREN INC,horizon
870008,HORIZONS FOR MEN INC,horizon
485358,HORIZONS FOR WOMEN,horizon
2230135,HORIZONS FOR YOUTH,horizon
984202,HORIZONS GARDEN & NATURE CTR,horizon
3551,HORIZONS GROUP LTD,horizon
1616042,HORIZONS HAMPTON ROADS INC,horizon
984247,HORIZONS HOME SHOW,horizon
153330,HORIZONS HOMES,horizon
2011362,HORIZONS IN LEARNING LLC,horizon
1989229,HORIZONS INC-CA,horizon
2167951,HORIZONS INC-CA,horizon
801837,HORIZONS INC-JA,horizon
415291,HORIZONS INC-RP,horizon
1090695,HORIZONS INC-TP,horizon
481221,HORIZONS INITIATIVE,horizon
2503357,HORIZONS LAW GROUP LLC,horizon
439344,HORIZONS LTD,horizon
2002127,HORIZONS LTD-AT,horizon
740456,HORIZONS MARINA DISTRICT,horizon
519211,HORIZONS MARKETING,horizon
1399856,HORIZONS MARKETING & ASSOC INC-NY,horizon
1676081,HORIZONS MONTESSORI III-HW,horizon
559236,HORIZONS NEW YEARS EVE,horizon
806586,HORIZONS OF FLIGHT,horizon
1201691,HORIZONS OF FRIENDSHIP,horizon
854779,HORIZONS OF OKALOOSA COUNTY INC,horizon
1692531,HORIZONS PERSONAL CARE LLC,horizon
1027960,HORIZONS PLANNING INC,horizon
3102153,HORIZONS PLASTIC SURGERY LLC,horizon
901272,HORIZONS RANCH COMMUNITY,horizon
991084,HORIZONS REAL ESTATE GROUP LLC,horizon
2834526,HORIZONS REAL ESTATE LLC,horizon
523184,HORIZONS RESTAURANT-JA,horizon
705891,HORIZONS RESTAURANT-WA,horizon
2508826,HORIZONS ROOFING,horizon
948771,HORIZONS SCHOOL,horizon
951625,HORIZONS SEAFOOD STEAKHSE SPRTS LNG,horizon
718178,HORIZONS TELECOMMUNICATIONS,horizon
114256,HORIZONS TRAVEL,horizon
1072065,HORIZONS TRUCK & TRAVEL CTR,horizon
2701275,HORIZONS UNLIMITED CHRISTIAN ACADMY,horizon
1129560,HORIZONS UNLIMITED GROP TRVL INC-BS,horizon
1900577,HORIZONS UNLIMITED GROUP INC,horizon
1248720,HORIZONS UNLIMITED HOM IMPRVMNT INC,horizon
804760,HORIZONS UNLIMITED INTL SEMINARS,horizon
289115,HORIZONS UNLIMITED STLLT DISHES,horizon
860481,HORIZONS UNLIMITED TRAVEL SVC INC,horizon
1619326,HORIZONS UNLIMITED TRAVL SVC INC-DL,horizon
442311,HORIZONS VILLA,horizon
1979746,HORIZONS VILLAGE AT MDNCRK,horizon
2667252,HORIZONS WELLNESS & WEIGHT LOSS LLC,horizon
2304161,HORIZONS WEST ASSN INC,horizon
2706802,HORIZONS WOMENS HEALTHCARE LLC,horizon
891314,HORIZONS WORLDWIDE INTL FORWRDR INC,horizon
2302121,HORIZONS-LA,horizon
1243226,HORIZONS-MM,horizon
2934389,HORIZONSETFSUS.COM,horizon
2893425,HORIZONSETTLER. COM,horizon
3085486,HORIZONTAL DIGITAL,horizon
2270351,HORIZONTAL DIRECT,horizon
2299032,HORIZONTAL DRILLING,horizon
2559986,HORIZONTAL INTEGRATION INC-MS,horizon
1481992,HORIZONTAL RIG & EQUIPMENT INC,horizon
2310188,HORIZONTAL SEARCH,horizon
1798739,HORIZONTAL TECHNOLOGY INC,horizon
2283888,HORIZONTAL WIRELINE SVCS LLC,horizon
3298069,HORIZONTAL8 LLC,horizon
1127743,HORIZONTE FILMS,horizon
4208278,HORIZONTE TOURS SRL,horizon
3162596,HORIZONTECH INC-GH,horizon
1326639,HORIZONTECH LLC,horizon
1895831,HORIZONTES BIENES RAICES SA DE CV,horizon
944714,HORIZONTES CUBANOS INC,horizon
1803582,HORIZONTES DE FE INC,horizon
446846,HORIZONTES VIDEO,horizon
3294052,HOTEL HORIZON INC-XP,horizon
1041252,HOVEY KAISER INSURANCE ASSOC INC,kaiser
429531,HUDSON HEADWATERS HEALTH NETWORK,healthnet
2085753,HUDSON HORIZONS INC-NY,horizon
678679,HUGO MOLINA RESTAURANT,molina
3084800,HUMAN HORIZONS TECHNOLOGY CO LTD,horizon
2201661,HUMANA CARE ORGANIZATIONL RSRCS LTD,humana
2097713,HUMANA CHALLENGE GOLF SHOW,humana
1815780,HUMANA GENERAL CARE CTR INC,humana
13054,HUMANA INC,humana
1179325,HUMANA LOFT SERIES,humana
2543822,HUMANA OF DELAWARE INC,humana
3285763,HUMANA PHARMACY INC-LO,humana
2843849,HUMANA PRESS INC,humana
3207415,HUMANANATOMYILLUSTRATIONS.COM,humana
905536,HUMANATURE INC,humana
1336099,HUMANATURE PHOTOGRAPHY,humana
2877204,HUMANATURE STUDIOS INC,humana
2156175,HUMANAWEB SAS,humana
953552,ICE HORIZONS,horizon
875042,IDEAL HEALTH NETWORK INC,healthnet
2821449,IGLESIA NUEVO HORIZONTE,horizon
379753,INDEPENDENCE BLUE CROSS LLC,bcbs
3271530,INDIANAUHCMEDICARESEMINARS,uhc
2127669,INSPIRA HEALTH NETWORK INC,healthnet
2232337,INTEGRATED HEALTH NETWORK,healthnet
1849841,INTEGRITY HEALTH NETWORK LLC,healthnet
1886872,INTERACTIVATION HEALTH NETWORKS LLC,healthnet
2710129,INTERACTIVATION HEALTH NETWORKS LLC,healthnet
1484291,INTERACTIVE HEALTH NETWORK UNK,healthnet
2093091,INTERCARE COMMUNITY HEALTH NETWORK,healthnet
4217677,INTERNATIONAL ANTHEM,anthem
2235330,INTERNATIONAL HORIZONS COLLEGE,horizon
780925,INTERNATIONAL HORIZONS UNLIMITD LTD,horizon
3133375,J MOLINA VENTURES LLC,molina
1234009,J&M HORIZON HOME,horizon
2810497,JACKSON HEALTH NETWORK L3C,healthnet
1158571,JAMESTOWN NEW HORIZONS,horizon
1633135,JAVIER MOLINA,molina
1917374,JDL HORIZONS LLC,horizon
4423362,JOANNE L MOLINARO,molina
483620,JOHN C LINCOLN HEALTH NETWORK,healthnet
502656,JOHN KAISER WELLNESS CTR,kaiser
463244,JP HORIZONS INC,horizon
382335,JPS HEALTH NETWORK,healthnet
1665784,JUAN CARLOS MOLINA,molina
1130279,JUANA MOLINA,molina
1305323,KAISER,kaiser
589610,KAISER & DOUGLASS,kaiser
986834,KAISER & KOCH INC,kaiser
2814917,KAISER AG,kaiser
2185051,KAISER AIR CONDTNG & SHT MTL INC-LA,kaiser
3034789,KAISER ASSOC INC-BS,kaiser
673295,KAISER BILLS,kaiser
1634509,KAISER BODY SHOP INC,kaiser
2708569,KAISER BRADLEY O DMD PLLC,kaiser
4452911,KAISER BRICK PAVING LLC-DE,kaiser
654376,KAISER BROTHERS INC-LA,kaiser
1011731,KAISER BRUCE A LAW OFFICE,kaiser
162224,KAISER BUICK-GMC TRUCK INC-OD,kaiser
720486,KAISER CAREER INST,kaiser
1591979,KAISER CARTEL,kaiser
2275131,KAISER CHIEFS,kaiser
3214935,KAISER CHIROPRACTIC SC,kaiser
2098882,KAISER CHRISTIAN FUND INC,kaiser
3293904,KAISER CO LLC-CP,kaiser
475502,KAISER COLLEGE,kaiser
2995517,KAISER COMPANY SRO,kaiser
1486846,KAISER CONTRCT CL,kaiser
976359,KAISER CORNER INC,kaiser
1716,KAISER CROW INC,kaiser
2487740,KAISER CURTIS L DDS PC,kaiser
1390412,KAISER DARBY DDS,kaiser
2239787,KAISER DENTAL LLC,kaiser
1564893,KAISER DEVELOPMENT GROUP INC,kaiser
1826109,KAISER ELECTRIC CO INC,kaiser
2954543,KAISER FAMILY FNDN-SF,kaiser
846523,KAISER FEDERAL FINANCIAL GROUP INC,kaiser
1486847,KAISER FINANCIAL GROUP INC,kaiser
3285746,KAISER FIT,kaiser
1692117,KAISER FLOOR SVC-LO,kaiser
3165784,KAISER FNDN DRILLING-HN,kaiser
13499,KAISER FNDN HEALTH PLAN INC,kaiser
2897866,KAISER FNDN HEALTH PLAN OF GERG INC,kaiser
1676670,KAISER FNDN-XE,kaiser
2006040,KAISER GORNICK LLP,kaiser
422033,KAISER GREGORY A,kaiser
2607258,KAISER GRILLE PALM DESERT LLC,kaiser
2035638,KAISER GROUP HOLDINGS INC,kaiser
34604,KAISER GROUP INC,kaiser
3015206,KAISER HAFEZI LAW LTD-CH,kaiser
321855,KAISER HEATING & AC,kaiser
1080294,KAISER HEATING & COOLING INC,kaiser
1206018,KAISER HIGH SCHOOL,kaiser
2579858,KAISER HOME SUPPORT SVCS INC,kaiser
2311340,KAISER HOTELS LLC,kaiser
723502,KAISER INC,kaiser
316909,KAISER INC-AT,kaiser
935062,KAISER INDUSTRIAL & MARINE LTD,kaiser
2604407,KAISER INSURANCE AGENCY INC,kaiser
757154,KAISER INTL INC,kaiser
1990755,KAISER JACQUELINE LEVY MD PA,kaiser
4376702,KAISER JAY H CPA LLC-ST,kaiser
1058367,KAISER JEWELRY INC,kaiser
1549875,KAISER JINA L DDS-DL,kaiser
1486848,KAISER LACKE GMBH,kaiser
1229564,KAISER LAKESIDE CREDIT UNION,kaiser
515604,KAISER LANDSCAPE PRODUCTS,kaiser
863857,KAISER LAURA A DMD,kaiser
2704494,KAISER LLC,kaiser
2947458,KAISER LOGISTICS INC-MD,kaiser
3044211,KAISER MARKETING LTD,kaiser
2157167,KAISER MEDICAL MANAGEMENT LLC,kaiser
1563865,KAISER MIDWEST INC,kaiser
464026,KAISER NB HEATING & COOLING,kaiser
3151669,KAISER NEUROMAP INST LLC-LA,kaiser
3077502,KAISER OF ATLANTIS,kaiser
3125446,KAISER OPTICAL SYSTEMS INC-DE,kaiser
362966,KAISER ORGN,kaiser
2834204,KAISER PERMANENTE SCHOL OF MDCN INC,kaiser
1387856,KAISER PHOTOGRAPHY INC,kaiser
2593853,KAISER PROCESS & BELT TECHNLGY GMBH,kaiser
1726119,KAISER PRODUCTIONS,kaiser
1640634,KAISER PROPERTIES INC,kaiser
754292,KAISER RALPH FOR REPRESENTATIVE,kaiser
2057664,KAISER RANDEE FOR SHERIFF,kaiser
2141426,KAISER REAL ESTATE SALES INC,kaiser
1383124,KAISER REALTY,kaiser
818334,KAISER REALTY INC-GB,kaiser
492129,KAISER RESEARCH,kaiser
1345132,KAISER RESTAURANT GROUP,kaiser
692377,KAISER RODNEY,kaiser
1739146,KAISER SAURBORN & MAIR PC-NY,kaiser
1349760,KAISER SIDING & ROOFING LLC,kaiser
727652,KAISER SIDING & TRIM INC,kaiser
521624,KAISER SPECIALTY KAKES,kaiser
1486849,KAISER STEEL BELT,kaiser
1197851,KAISER TILE LLC,kaiser
1486850,KAISER TIME INC,kaiser
2294552,KAISER TIRE LLC,kaiser
1486851,KAISER TOOL CO INC,kaiser
2864288,KAISER TRANSPORT INC-CR,kaiser
1860351,KAISER TRANSPORT INC-MD,kaiser
2316145,KAISER TREE PRESERVATION CO,kaiser
2851113,KAISER WELLNESS CTR LLC,kaiser
1098713,KAISER WILLYS AUTO SUPPLY,kaiser
2788965,KAISER WISEHEART LAW FIRM LLC,kaiser
3315421,KAISER+KRAFT LTD,kaiser
2489862,KAISER-CORSON FUNERAL HOMES INC,kaiser
1950974,KAISER-FRANCIS OIL CO-TL,kaiser
360132,KAISER-HILL CO LLC,kaiser
790912,KAISER-HOFFMAN GROUP,kaiser
1373029,KAISERAIR INC,kaiser
2822896,KAISERDILLON PLLC,kaiser
4015659,KAISERFIT,kaiser
4021391,KAISERFUJI.COM,kaiser
1635112,KAISERHOF LUTHERAN RETREAT CTR,kaiser
1803093,KAISERHOF-PB,kaiser
4276538,KAISERJUSTICECENTER.COM,kaiser
2319576,KAISERKORP CORP,kaiser
839467,KAISERMAN CO INC,kaiser
145168,KAISERMAN GARY J DPM,kaiser
1602244,KAISERS BARBEQUE-SC,kaiser
2304728,KAISERS DINER LLC,kaiser
2030529,KAISERS PIZZA & PUB-MI,kaiser
1766891,KAISERS SIX POINT BAKERY LLC,kaiser
2696571,KAISERS SUPERMARKET INC,kaiser
5084,KARL KAISER,kaiser
2940620,KEN KAISERMAN,kaiser
1178797,KENTUCKY TELEHEALTH NETWORK,healthnet
2751095,KING KAISER GROUP INC,kaiser
453305,KING-KAISER SPORTING GOODS INC,kaiser
137718,KLAIS HEALTH NETWORK,healthnet
2189513,KOOTENAI HEALTH NETWORK INC,healthnet
3085696,LA KAISER LLC-CH,kaiser
414746,LA MOLINA HEALTH PRODUCTS,molina
1371568,LAKEWOODS RURAL HEALTH NETWORK INC,healthnet
2588327,LAREDO HORIZON DEVELOPMENT CORP,horizon
966438,LAST HORIZON CASKETS,horizon
1432086,LAW OFFICE OF DANIEL B KAISER PC-PX,kaiser
1538919,LAW OFFICE OF YOEL MOLINA PA,molina
1424137,LEARNING HORIZONS INC,horizon
810354,LEGAL HORIZON LLC,horizon
163180,LEHIGH VALLEY HEALTH NETWORK INC,healthnet
1420041,LEVIN SIMES KAISER & GORNICK LLP,kaiser
1404897,LIBERTY HEALTH NET INC,healthnet
2984791,LIFE & HEALTH NETWORK INC-LA,healthnet
3111956,LIFE RELEVANCE,elevance
1384463,LIFESPRING HEALTH NETWORK LLC,healthnet
1334517,LIGHT OF A NEW HORIZON INC,horizon
1322457,LIGHTS AT ANTHEM,anthem
259294,LINCOLN ANTHEM CORP,anthem
1570788,LINEAR HORIZON LLC,horizon
2618707,LOGIA NUEVOS HORIZONTES,horizon
1490088,LOGISTICS HORIZONS LLC-NY,horizon
2059188,LONG ISLAND ANTHEM,anthem
548379,LONG ISLAND HEALTH NETWORK IPA LLC,healthnet
2764342,LOPEZ MOLINAR & SAROLDI PLLC,molina
1314217,MAH CIGNAL HOLDINGS LLC,cigna
1491148,MANAGED HEALTH NETWORK INC,healthnet
2527321,MANUEL MOLINA,molina
1966328,MANUEL MOLINA INTL ORCHESTRA,molina
1709772,MANUEL MOLINAS CARNAVAL,molina
1368482,MAR & SOL HORIZON REALTY INC,horizon
1279995,MARIN HORIZON SCHOOL,horizon
1214340,MARKET HORIZON REALTY LLC,horizon
335297,MARKETING HORIZONS INC,horizon
1014051,MARKETING RELEVANCE LLC,elevance
283067,MARYLAND HEALTH NETWORK,healthnet
2656232,MEDIA HORIZONS,horizon
2284133,MEDICAL ASSOC HEALTH NETWORK LLC,healthnet
1492477,MEDICAL HORIZONS INC-SC,horizon
2490763,MEDIHORIZONS INC,horizon
1708825,MEDINDIA HEALTH NETWORK PVT LTD,healthnet
1555438,MEDISYS HEALTH NETWORK INC,healthnet
692550,MEMORIAL CLINIC HEALTH NETWORK,healthnet
1591560,MENS HEALTH NETWORK,healthnet
323779,MENS HEALTH NETWORK INC,healthnet
709891,MENTAL HEALTH NET,healthnet
994587,MESCALL MARY MOLINA FOR CITY COUNCL,molina
1867920,MHEALTH NETWORKING CONFERENCE,healthnet
1832659,MICHAEL D MOLINARO INC,molina
1357679,MICHAEL M KAISER,kaiser
2208820,MICKY KAISER,kaiser
2844662,MID AMERICA HEALTH NETWORK,healthnet
2779213,MID-STATE HEALTH NETWORK INC-LS,healthnet
2087389,MISS TEEN HORIZONTE,horizon
1542924,MISSION ANTELOPE HORIZON PROJECT,horizon
2168490,MISSION HEALTH NETWORK-HW,healthnet
1942278,MISSOURI NEWS HORIZON,horizon
3281817,MOBHORIZON,horizon
3339723,MOLIMAR MOLINA PHOTOGRAPHY-HN,molina
3097207,MOLINA & RANGEL ASSOC LLC-OD,molina
2263068,MOLINA & REYES ENTERPRISES LLC,molina
1150645,MOLINA ANTONIO DDS,molina
1536897,MOLINA ART GALLERY INC,molina
1961762,MOLINA BRIDAL & TUXEDO LLC,molina
3106119,MOLINA BUILDERS INC,molina
790008,MOLINA CARMEN A MD,molina
2222983,MOLINA CONSTRUCTION INC,molina
1351217,MOLINA ESTRELLA MNTN RNCH PLO CLSSC,molina
2472124,MOLINA FNDN,molina
2756723,MOLINA GARAGE DOOR SVCS,molina
689023,MOLINA GLORIA FOR SUPERVISOR,molina
214748,MOLINA HEALTHCARE INC,molina
329053,MOLINA INC,molina
2940713,MOLINA INSURANCE GROUP INC,molina
3246506,MOLINA LARIO,molina
2810923,MOLINA LAW GROUP PLLC,molina
1678703,MOLINA LENNY PHD,molina
2217648,MOLINA LINDA FOR JUDGE,molina
790031,MOLINA MARINO MD,molina
1036431,MOLINA MEDIA GROUP,molina
2212877,MOLINA MULTISERVICE CORP,molina
3143427,MOLINA RAUL G JR DDS PA-MF,molina
473421,MOLINA RAYMOND,molina
2526552,MOLINA REALTY LLC,molina
3005590,MOLINA RENIER ENTERPRISE INC-MF,molina
3066473,MOLINA RICARDO FOR SCHOL DSTRCT BRD,molina
2731789,MOLINA RICHARD FOR MAYOR,molina
2745387,MOLINA ROMERO FOR COUNTY COURT JUDG,molina
340967,MOLINA SHOP,molina
2069886,MOLINAR CHRISTOPHER DDS-SD,molina
3109423,MOLINAR JOE FOR CITY COUNCIL,molina
1181330,MOLINAR ROOFING,molina
524691,MOLINAR TORTILLA FACTORY,molina
1915353,MOLINARE TV & FILM LTD,molina
1272140,MOLINARI DELICATESSEN,molina
663501,MOLINARI ENTERPRISES INC,molina
933278,MOLINARI ITALIA SPA,molina
23464,MOLINARI JOHN FOR MAYOR,molina
3250547,MOLINARI LUCIANA DDS PLLC-MF,molina
2911360,MOLINARI MEDIA PBC,molina
695925,MOLINARI SRL,molina
2210900,MOLINARO ACCOUNTING SVCS INC,molina
445798,MOLINARO AMY M DMD,molina
38559,MOLINARO CARMEN,molina
2949326,MOLINARO DAVIS LAW PLLC-MS,molina
2415029,MOLINARO GROUP,molina
4338214,MOLINARO HEALTH & FL TG CTR LLC-PT,molina
1425923,MOLINARO KOGER INC,molina
2789827,MOLINARO MARC FOR GOVERNOR,molina
2622505,MOLINARO MARY C,molina
1252281,MOLINAROS COLLISION CTR,molina
1592224,MOLINAROS FINE ITALIAN FOODS LTD,molina
1971369,MOLINARY GENE FOR ASSESSOR,molina
1964762,MOLINARY PAUL FOR PARISH PRESIDENT,molina
1361503,MOLINAS AIR CONDITIONING & HEATING,molina
1885046,MOLINAS AUTO REPAIRS INC,molina
3884370,MOLINAS CLEANING SVCS INC-LA,molina
1952433,MOLINAS CUSTOM FURNITURE,molina
2620262,MOLINAS ENTERPRISES INC,molina
1773113,MOLINAS EVENT PLANNERS & CRDNTS LLP,molina
454900,MOLINAS INSURANCE SVC,molina
2888417,MOLINAS MAINTENANCE & REPAIR LLC,molina
2049435,MOLINAS MARTIAL ARTS,molina
2871321,MOLINAS MIGUEL A,molina
2949288,MOLINAS PAINTING LLC-PN,molina
2580736,MOLINAS PRESSURE WASHING & PNTNG-TM,molina
1900622,MOLINAS RANCH INC,molina
336733,MOLINAS RANCH RESTAURANT,molina
671335,MOLINAS RESTAURANT,molina
2582582,MOLINAS SAN ANTONIO COUNTRY STORE,molina
2766505,MORAVIA HEALTH NETWORK LLC,healthnet
1323815,MORTGAGE HORIZONS LLC,horizon
2898628,MOUNTAIN HEALTH NETWORK INC-CG,healthnet
4105654,MUHCASA.COM,uhc
2181785,MY BREAST HEALTH NETORK,healthnet
2693418,N HEALTH NETWORK PRTNS OF NW JY LLC,healthnet
2481359,NATIONAL CHRYSANTHEMUM SOCIETY INC,anthem
2059122,NATIONAL HORIZON,horizon
1237559,NATIONAL LATINA HEALTH NETWORK INC,healthnet
2946990,NATIONAL WOMENS HEALTH NETWORK-WA,healthnet
2015415,NATURAL HORIZONS WELLNESS CTRS,horizon
137787,NEO HEALTH NETWORK,healthnet
1648819,NET HORIZON PRODUCTIONS,horizon
4434110,NETRELEVANCE LLC-CP,elevance
2881244,NEW ANTHEM CHURCH,anthem
2291650,NEW CARDIOVASCULAR HORIZONS,horizon
2071889,NEW DANCE HORIZONS,horizon
876511,NEW DANCE HORIZONS INC,horizon
989545,NEW DAWN HORIZONS INC-AL,horizon
496877,NEW ENGLAND HEALTH NETWORK,healthnet
4384772,NEW GROWTH HORIZON LLC,horizon
3229035,NEW GROWTH HORIZON LLC,horizon
899151,NEW HANOVER HEALTH NETWORK INC,healthnet
727574,NEW HEALTH HORIZONS,horizon
750505,NEW HORIZON,horizon
1748030,NEW HORIZON & ASSOC LLP,horizon
2712238,NEW HORIZON ACADEMY-COLORADO INC,horizon
1269176,NEW HORIZON ACDMY CNTNG EDCT INC-OD,horizon
1679584,NEW HORIZON ACUPUNCTURE CLINIC LLC,horizon
1572838,NEW HORIZON ADULT CARE ALTRNTVS INC,horizon
1278036,NEW HORIZON ANIMAL HOSPITAL LLC,horizon
1179425,NEW HORIZON APARTMENTS-MM,horizon
2174400,NEW HORIZON ASSISTED LIVING INC,horizon
3020938,NEW HORIZON AVIATION INC-BS,horizon
1624104,NEW HORIZON BANK NA,horizon
3106112,NEW HORIZON BAPTIST CHURCH,horizon
1908423,NEW HORIZON BOOKS,horizon
763473,NEW HORIZON BUILDERS INC,horizon
1291085,NEW HORIZON CAPITAL VENTURES,horizon
1052955,NEW HORIZON CARPET CLEANING,horizon
3313708,NEW HORIZON CHILD CARE-IDAHO INC-BD,horizon
1587740,NEW HORIZON CHRISTIAN CHILD CARE,horizon
1814297,NEW HORIZON CHRISTIAN CHURCH,horizon
85757,NEW HORIZON CHRISTIAN CTR,horizon
1359997,NEW HORIZON CHRISTIAN FAITH CHURCH,horizon
1432432,NEW HORIZON CHRISTIAN FELLOWSHIP,horizon
1540110,NEW HORIZON CHRISTIAN FTH OTRCH CTR,horizon
1672634,NEW HORIZON CHRISTMAS,horizon
1022788,NEW HORIZON CHURCH,horizon
2705036,NEW HORIZON CHURCH GOD,horizon
816978,NEW HORIZON COMMUNICATIONS,horizon
2125818,NEW HORIZON COMMUNITY RENTRY CTR-LA,horizon
1629198,NEW HORIZON CONSUMER SVCS INC,horizon
766298,NEW HORIZON CRDT CNSLNG SVCS INC-MF,horizon
918779,NEW HORIZON CTR-CH,horizon
830833,NEW HORIZON DEBT CONSOLIDATION,horizon
1790430,NEW HORIZON DEVELOPMENT LLC,horizon
2517734,NEW HORIZON ENTERPRISES INC-MS-DM,horizon
735514,NEW HORIZON EXPLORATION INC,horizon
2088028,NEW HORIZON FAMILY DENTAL CARE INC,horizon
2274920,NEW HORIZON FAMILY HEALTH SVCS INC,horizon
1126148,NEW HORIZON FAMILY WORSHIP CTR,horizon
3048288,NEW HORIZON FEDERAL CREDIT UNION,horizon
3191906,NEW HORIZON FUNERL CHL & CRN INC-OD,horizon
3016118,NEW HORIZON GMBH,horizon
1227853,NEW HORIZON GROUP INC,horizon
1360144,NEW HORIZON HALL OF ELEGANCE,horizon
2022558,NEW HORIZON HEALTH INC,horizon
1733531,NEW HORIZON HOLDINGS LLC,horizon
3148612,NEW HORIZON HOME IMPROVEMENT INC-NY,horizon
274556,NEW HORIZON HOME LEARNING LAB,horizon
1094280,NEW HORIZON HOMES INC,horizon
486744,NEW HORIZON HOMES INC-GR,horizon
947829,NEW HORIZON HOMES INC-NA,horizon
765472,NEW HORIZON HOMES-TO,horizon
1957924,NEW HORIZON INC,horizon
4068852,NEW HORIZON INST INC-PX,horizon
1104612,NEW HORIZON INSULATORS INC,horizon
2535818,NEW HORIZON INVESTMENTS,horizon
672248,NEW HORIZON KARATE & MORE,horizon
2243641,NEW HORIZON KENNEL INC,horizon
656788,NEW HORIZON KIDS QUEST INC,horizon
1424163,NEW HORIZON LLC,horizon
2547409,NEW HORIZON LUBRICATION LLC,horizon
149328,NEW HORIZON MARKETING,horizon
3045399,NEW HORIZON MEDICAL CTR LLC,horizon
2833504,NEW HORIZON MISSALA INC,horizon
752939,NEW HORIZON MOBILE HOMES LLC-AL,horizon
1113156,NEW HORIZON MORTGAGE CONCEPTS INC,horizon
744318,NEW HORIZON MORTGAGE INC-CH,horizon
1288070,NEW HORIZON MORTGAGE SVCS LLC-CT,horizon
2758959,NEW HORIZON PAIN MANAGEMENT,horizon
628363,NEW HORIZON PAINTING & PROT CTG INC,horizon
3021792,NEW HORIZON PEDIATRICS PC-WA,horizon
2524865,NEW HORIZON PHARMACY INC,horizon
1601986,NEW HORIZON PICTURE CORP,horizon
1560103,NEW HORIZON PRODUCTIONS LTD,horizon
1646430,NEW HORIZON PRODUCTS LLC,horizon
1185398,NEW HORIZON PROJECT TASK FORCE,horizon
392924,NEW HORIZON PROPERTIES,horizon
2598338,NEW HORIZON RANCH INC,horizon
117216,NEW HORIZON REALTY,horizon
1812428,NEW HORIZON REMODELING LLC,horizon
1967139,NEW HORIZON RESEARCH CTR INC,horizon
1565161,NEW HORIZON REVERSE MORTGAGE,horizon
2663247,NEW HORIZON ROOFS,horizon
732598,NEW HORIZON RV CTR INC-FS,horizon
2863464,NEW HORIZON SHUTTERS INTL LLC,horizon
978137,NEW HORIZON THERAPTC MSSGE & BDYWRK,horizon
1407812,NEW HORIZON TOURS,horizon
1063579,NEW HORIZON TRAVEL LLC-CE,horizon
2954879,NEW HORIZON UNIFORMS LLC,horizon
1615165,NEW HORIZON VENTURES LLC,horizon
332751,NEW HORIZON VILLAGE,horizon
3203651,NEW HORIZON WELLNESS CTR-HN,horizon
2187700,NEW HORIZON YOUTH CTR LTD,horizon
900637,NEW HORIZONS,horizon
1379456,NEW HORIZONS ACADEMY,horizon
861974,NEW HORIZONS ADOPTION AGENCY,horizon
324440,NEW HORIZONS ATTENTION DFCT DSRDR,horizon
717128,NEW HORIZONS AUTO SALES-RD,horizon
2136034,NEW HORIZONS AVIATION INC,horizon
2278688,NEW HORIZONS BAND,horizon
3130618,NEW HORIZONS BEAUTY VENTURES INC,horizon
2676666,NEW HORIZONS BEHAVIORAL HEALTH,horizon
1128333,NEW HORIZONS BOOKKEPNG & TX SVC INC,horizon
1278641,NEW HORIZONS CAREER DEVELOPMENT CTR,horizon
2498061,NEW HORIZONS CHARTERS,horizon
1855742,NEW HORIZONS CHILD CARE MINSTRY INC,horizon
830569,NEW HORIZONS CHRISTIAN CHURCH,horizon
1332356,NEW HORIZONS CHURCH,horizon
665469,NEW HORIZONS CLINICAL RESEARCH CTR,horizon
1589307,NEW HORIZONS CLINICAL RESEARCH LLC,horizon
1883907,NEW HORIZONS COACHING ACADEMY,horizon
1202115,NEW HORIZONS COMMUNITIES LLC,horizon
661646,NEW HORIZONS COMMUNITY CHARTER SCHL,horizon
836756,NEW HORIZONS COMMUNITY CHURCH,horizon
885716,NEW HORIZONS COMMUNITY CREDIT UNION,horizon
736217,NEW HORIZONS COMPREHENSVE CSLNG SVC,horizon
2393732,NEW HORIZONS COMPUTER LEARNING CTRS,horizon
2877459,NEW HORIZONS CONSTRUCTION INC,horizon
1943364,NEW HORIZONS CORP-NY,horizon
1161235,NEW HORIZONS COUNTRY DAY SCHOOL INC,horizon
665470,NEW HORIZONS CREDIT UNION INC,horizon
1146930,NEW HORIZONS CREDIT UNION-MP,horizon
2735571,NEW HORIZONS CRISIS CTR,horizon
1028045,NEW HORIZONS CTR FOR CSMTC SRGRY SC,horizon
471605,NEW HORIZONS CTR-MF,horizon
1923638,NEW HORIZONS DANCE ACADEMY,horizon
1412502,NEW HORIZONS DANCE ACADEMY LLC,horizon
1608384,NEW HORIZONS DEBT RELIEF INC,horizon
2688452,NEW HORIZONS DENTAL CARE LP,horizon
2974229,NEW HORIZONS DENTAL-ST,horizon
1265196,NEW HORIZONS DEVELOPEMENT GROUP INC,horizon
2979812,NEW HORIZONS EDUCATION CORP-TM,horizon
2668779,NEW HORIZONS ELEMENTARY SCHOOL,horizon
1113327,NEW HORIZONS ENTERPRISES INC,horizon
1496243,NEW HORIZONS ENTERTAINMENT,horizon
2688178,NEW HORIZONS EXPO,horizon
681992,NEW HORIZONS FAMILY DENTISTRY,horizon
728676,NEW HORIZONS FAMILY PRACTICE PA,horizon
842832,NEW HORIZONS FELLOWSHIP,horizon
4118228,NEW HORIZONS FINANCE LTD,horizon
2569526,NEW HORIZONS FINANCIAL CNSLTNTS LLC,horizon
898590,NEW HORIZONS FINANCIAL SVCS,horizon
1523177,NEW HORIZONS FITNESS INC,horizon
1942777,NEW HORIZONS FLOORING CO LLC,horizon
2169133,NEW HORIZONS FNDN INC,horizon
1657958,NEW HORIZONS FO,horizon
2637142,NEW HORIZONS FOR NEW HAMPSHIRE INC,horizon
928510,NEW HORIZONS FOR NEW HAMPSHR INC-BS,horizon
1067302,NEW HORIZONS FOR PSORIASIS,horizon
3000494,NEW HORIZONS HOM EXT & WN CO INC-PH,horizon
4303218,NEW HORIZONS HOMC & STF SVCS LLC-CT,horizon
3209099,NEW HORIZONS HOME HEALTHCARE LLC,horizon
715603,NEW HORIZONS HOME IMPROVEMENTS,horizon
2478850,NEW HORIZONS HOME SCHOOL ACADEMY,horizon
6921,NEW HORIZONS HOME VIDEO,horizon
1152842,NEW HORIZONS HOMES INC,horizon
2105550,NEW HORIZONS HOSPITALITY INC,horizon
2850570,NEW HORIZONS I OF FLORIDA INC,horizon
675325,NEW HORIZONS II LP,horizon
2217676,NEW HORIZONS IN AUTISM INC,horizon
447773,NEW HORIZONS IN MEDICINE,horizon
3017589,NEW HORIZONS INC-HT,horizon
1269297,NEW HORIZONS INC-LE,horizon
586861,NEW HORIZONS INC-TO,horizon
1746050,NEW HORIZONS INDEPENDENT LIVING CTR,horizon
34927,NEW HORIZONS INDUSTRIES,horizon
3043771,NEW HORIZONS INSURANC MRKTNG LLC-CD,horizon
3243456,NEW HORIZONS INSURANCE CO OF MISSOR,horizon
1552147,NEW HORIZONS INTL MUSIC ASSN INC,horizon
1378328,NEW HORIZONS LAND INVESTMENTS,horizon
2687242,NEW HORIZONS LANDSCAPING LLC,horizon
3172577,NEW HORIZONS LAW PA-MF,horizon
1577211,NEW HORIZONS LLC,horizon
1730451,NEW HORIZONS MANAGEMENT INC,horizon
2152126,NEW HORIZONS MANAGEMENT LLC,horizon
477666,NEW HORIZONS MANOR,horizon
2120317,NEW HORIZONS MEDICAL INST-AT,horizon
2280512,NEW HORIZONS MENOPAUSE CTR,horizon
1687206,NEW HORIZONS MINSTRIES INC,horizon
2116229,NEW HORIZONS MONTESSOR SCHL ASSN-ER,horizon
503840,NEW HORIZONS MORTGAGE CO INC-CA,horizon
911005,NEW HORIZONS OF ANGELS,horizon
2907748,NEW HORIZONS OF CAROLINAS INC,horizon
2667831,NEW HORIZONS OF SOUTHWEST FLORD INC,horizon
2675506,NEW HORIZONS OF THE TRSR CST INC-WP,horizon
1649542,NEW HORIZONS ORCHESTRA,horizon
2283652,NEW HORIZONS PICTURE CORP,horizon
2092913,NEW HORIZONS PLASTIC SURGERY LLC-TC,horizon
3231884,NEW HORIZONS POWER WASHING-SL,horizon
2669020,NEW HORIZONS PROFESSINL ABA SVCS-WA,horizon
2061861,NEW HORIZONS PSYCHOLOGY-NY,horizon
2172132,NEW HORIZONS RANCH & CTR INC,horizon
751000,NEW HORIZONS REALTY,horizon
1280507,NEW HORIZONS REALTY GROUP INC,horizon
1058239,NEW HORIZONS REALTY LLC-OC,horizon
1652267,NEW HORIZONS REALTY OF PERHM INC-MS,horizon
892340,NEW HORIZONS REGIONAL EDUCATION CTR,horizon
2660328,NEW HORIZONS REHABILTTN SVCS INC-DE,horizon
1767035,NEW HORIZONS REHABILTTN SVCS INC-XM,horizon
1786803,NEW HORIZONS RESEARCH CORP-AT,horizon
550150,NEW HORIZONS RESORT-SL,horizon
2538302,NEW HORIZONS RESOURCES INC,horizon
3197626,NEW HORIZONS RETAIL,horizon
1359663,NEW HORIZONS REVERSE MORTGAGE INC,horizon
1864922,NEW HORIZONS ROOFING LLC,horizon
1554797,NEW HORIZONS RV,horizon
3243552,NEW HORIZONS RV CORP,horizon
1186316,NEW HORIZONS SCHOOL,horizon
1290304,NEW HORIZONS SCHOOL OF MUSIC,horizon
1071864,NEW HORIZONS SUPPLY COOPERATIVE,horizon
2707407,NEW HORIZONS SURGERY CTR LLC,horizon
1605222,NEW HORIZONS THEATER,horizon
1720679,NEW HORIZONS THERAPEUTIC MASSAGE,horizon
4161731,NEW HORIZONS THRIFT STORES LLC,horizon
841135,NEW HORIZONS TRADING CO UNLIMITED,horizon
1787039,NEW HORIZONS TRAINING GROUP,horizon
280924,NEW HORIZONS TRANSPORT,horizon
1374646,NEW HORIZONS TRAVEL CO INC-LV,horizon
1425616,NEW HORIZONS TRAVEL CO-DM,horizon
2897907,NEW HORIZONS TRAVEL INC,horizon
644252,NEW HORIZONS TRAVEL LTD-CT,horizon
2216695,NEW HORIZONS TREATMENT CTR LLC,horizon
1820380,NEW HORIZONS WELLNESS CTRS LLC,horizon
3213639,NEW HORIZONS WELLNESS SVCS LLC,horizon
1901625,NEW HORIZONS WOMENS MEDICAL GROP PA,horizon
3955884,NEW HORIZONS WORLDWIDE LLC-OD,horizon
1896532,NEW HORIZONS YOUTH MINISTRIES INC,horizon
1167632,NEW HORIZONS-AW,horizon
352075,NEW HORIZONS-BS,horizon
552746,NEW HORIZONS-CH,horizon
4176099,NEW HORIZONS-DL,horizon
302921,NEW HORIZONS-NY,horizon
1571980,NEW HORIZONS-OD,horizon
1382155,NEW HORIZONS-PH,horizon
3215699,NEW HORIZONS-ST,horizon
1905820,NEW WORLD HORIZONS LLC,horizon
2742467,NEWER HORIZONS LLC,horizon
924444,NEWPORT HEALTH NETWORK INC,healthnet
3050588,NEXT HORIZON INC-OD,horizon
2316209,NOBILIS HEALTH NETWORK INC,healthnet
299257,NOBLE HORIZONS RETIREMENT COMMUNITY,horizon
2847693,NORMA MOLINA LLC,molina
1745573,NORTH IDAHO HEALTH NETWORK INC,healthnet
2687244,NORTH SHORE HORIZONS INC,horizon
2301819,NORTHCARE BEHAVIORAL HEALTH NETWORK,healthnet
2793225,NORTHCREST HEALTH NETWORK LLC,healthnet
310323,NORTHEAST OHIO HEALTH NETWORK,healthnet
1021413,NORTHERN HORIZONS INC,horizon
477669,NORTHERN MANHATTAN HEALTH NETWORK,healthnet
1825270,NOVO HORIZONTE,horizon
964001,NU HORIZON WINDOW SYSTEMS LLC,horizon
1616896,NU HORIZONS DAY SPA,horizon
1083497,NUHORIZON WINDOW SYSTEMS LLC-AX,horizon
1832315,NUTRI HUMANA,humana
1798222,NW HORIZON,horizon
2976399,O KAISER VENTURES UG,kaiser
1387892,OAK HORIZONS INC,horizon
753491,OHIO STATE HEALTH NETWORK,healthnet
647931,OMNI HORIZONS INC,horizon
2844879,ONDEMAND HEALTH NETWORK INC,healthnet
2074673,ONE HEALTH NETWORK LLC,healthnet
1724786,ONESOUTHERNHORIZON,horizon
2828793,ONLINE HEALTH NETWORKS INC,healthnet
3053049,OPEN HORIZONS THRPY & CNSLNG CTR-LA,horizon
2325679,OPERATION BLUE SHIELD,bcbs_alt
4384327,OPTICA HUMANA VISION OHV SAS,humana
3048548,OPTIMAL HEALTH NETWORK INC-MD,healthnet
2182296,OSCAR HEALTH AGENCY INC,oscar
4161829,OSCAR HEALTH INC,oscar
4262288,OSCAR HEALTH PLAN OF GEORGIA,oscar
2291390,OXFORD HEALTH NETWORK,healthnet
1701601,OZARK MOUNTAIN HEALTH NETWORK INC,healthnet
1526056,P&O HORIZONTE INC,horizon
3926067,PAARTH CREATIVE HORIZONS LLP,horizon
280945,PACIFIC HORIZON BANCORP,horizon
1283439,PACIFIC HORIZON COMMUNITIES INC,horizon
4214777,PACIFIC HORIZON CREDIT UNION-SC,horizon
213455,PACIFIC HORIZON INSURANCE & SALES,horizon
2300797,PACIFIC HORIZON MEDICAL,horizon
418474,PACIFIC HORIZON VENTURES INC,horizon
3238378,PACKAGING HORIZONS CORP-PH,horizon
1129939,PAINTED HORIZONS,horizon
1426298,PALMETTO MOLLO MOLINARO & SCICC LLP,molina
2325505,PARCARE COMMUNITY HEALTH NETWRK INC,healthnet
2318553,PARKER HORIZON ACADEMY,horizon
658891,PARTNERS IN HEALTH NETWORK INC-CG,healthnet
320904,PATHWAY HEALTH NETWORK,healthnet
4333391,PEACEHEALTH NETWORKS ON DEMAND LLC,healthnet
1653466,PER4MANCE HEALTH NETWORK LLC,healthnet
2611467,PERFORMANCE HORIZON GROUP LTD,horizon
1786093,PERSONAL HEALTH NETWORK,healthnet
1575900,PET HEALTH NETWORK INC,healthnet
3058370,PHOENIX HORIZONS-PX,horizon
1208011,PHYSICIANS HEALTH NETWRK SHBYGN INC,healthnet
1839487,PLAINVIEW HORIZON FOODS INC,horizon
142390,PLAYWRIGHTS HORIZONS INC,horizon
2022422,POR LA SIERRA TARAHUMANA,humana
20087,PREFERRED HEALTH NETWORK-MRYLND INC,healthnet
459208,PREMERA BLUE CROSS CORP,bcbs
2121587,PRESENCE HEALTH NETWORK,healthnet
1777973,PRIMARY HEALTH NETWORK,healthnet
1502540,PRIME HORIZONT,horizon
3020716,PRIVACY HORIZON INC-XA,horizon
4087542,PRIVACYHORIZON.ORG,horizon
2907054,PROGRESSIVE HORIZON INC,horizon
895719,PROJECT HORIZON INC-JA,horizon
2591229,PROVODNIKOV VS MOLINA JR,molina
2811157,PURSUIT BEHAVIORAL HEALTH NETWORK,healthnet
2901360,QUANTHEMULATTO MUSIC,anthem
429548,QUIET HORIZONS,horizon
614331,RAINBOW HEALTH NETWORK INC,healthnet
697890,RAINBOW HORIZONS BALLOONPORT INC,horizon
2286430,RAPCO HORIZON CO,horizon
1014372,REAL HORIZONS LLC,horizon
508088,REALTY HORIZON,horizon
3025378,REDEFINED HORIZONS LLC-SS,horizon
2874805,REGENCE HEALTH NETWORK INC-AM,healthnet
2485668,RELEVANCE,elevance
2971794,RELEVANCE LLC-NY,elevance
769442,RELEVANCE-HL,elevance
739905,RELEVANCE-SC,elevance
447567,REPEAL PUHCA NOW COALITION,uhc
2889621,RESEARCH HORIZONS LLC,horizon
3098322,RESONANCE HORIZON,horizon
2219905,RESOURCE HORIZONS GROUP LLC,horizon
990375,RHEA & KAISER MARKETING COMMUNICTNS,kaiser
2062649,RICHRELEVANCE INC,elevance
3001535,ROSECRANCE HEALTH NETWORK-MD,healthnet
42060,ROSEMONT HORIZON,horizon
951951,ROSEMONT HORIZON-CA,horizon
956503,RURAL HEALTH NETWORK,healthnet
3038723,S2AY RURAL HEALTH NETWORK LNC,healthnet
915957,SAFE HORIZON INC,horizon
1937769,SAFE HORIZONS INVESTORS LLC-HT,horizon
139373,SAINT JOHNS HORIZON HOUSE,horizon
381785,SAINT LUKES HEALTH NETWORK INC-PH,healthnet
1314142,SAN ANTONIO HORIZON HILL LLC,horizon
1341254,SANFORD HEALTH NETWORK,healthnet
1350318,SECOND HORIZON GROUP LP,horizon
4168170,SECURE HORIZONS PROTCTV SVCS INC-LA,horizon
2593454,SECURED HORIZON FINANCIAL GROUP INC,horizon
297316,SECUREL HORIZONS,horizon
1999601,SECURITY HORIZON INC,horizon
4345158,SEIU UNITED HEALTHCARE WORKERS,unitedhealth_alt
1035147,SELECT HEALTH NETWORK INC,healthnet
1803711,SELLSTATE HORIZONS REALTY,horizon
1426887,SEMOLINA RISTORANTE-NY,molina
2075909,SENIOR CARE HEALTH NETWORK INC,healthnet
695619,SENIOR HORIZONS,horizon
1432062,SEXUAL HEALTH NETWORK INC,healthnet
3278126,SGC HORIZON LLC,horizon
3280898,SGC HORIZON LLC-CH,horizon
1759138,SHELBY HORIZONS LTD-CO,horizon
772921,SHOE HORIZONS INC-JA,horizon
4345602,SHOESKAISER.COM,kaiser
3196031,SICIGNANO ALLAN-NY,cigna
3926037,SIEMES SCHUHCENTER GMBH & CO,uhc
2569340,SIGNAL BEHAVIORAL HEALTH NETWORK,healthnet
1303035,SILVER HORIZONS NEW MEXICO INC,horizon
2135161,SIMPLERELEVANCE INC-CH,elevance
3138520,SIMPLY BRIGHT HEALTH LLC-OD,bright
1668663,SIYE UN NUEVO HORIZONTE,horizon
3061432,SMART HORIZONS CRR ONL HGH SCHL LLC,horizon
2155870,SMOKECIGNALS LLC,cigna
1508560,SOFTWARE HORIZONS INC,horizon
834897,SOLAR HORIZONS,horizon
3221124,SOLID HORIZON SDN BHD,horizon
1130328,SOLIDARITY HEALTH NETWORK INC,healthnet
1239492,SOUTHEAST MISSOURI HEALTH NETWORK,healthnet
1570116,SOUTHERN COLORADO HEALTH NETWORK,healthnet
1949717,SOUTHERN HORIZON FNRL HM OF LND LLC,horizon
838092,SOUTHERN HORIZON INC,horizon
964309,SOUTHERN HORIZONS LP,horizon
1554730,SOUTHERN HORIZONS VA,horizon
1604526,SOUTHWEST HORIZONS LTD,horizon
2218098,SPIRIT OF WOMEN HEALTH NETWORK LLC,healthnet
813206,SPORTS HORIZON BAR & GRILL INC,horizon
4094908,STATISTICAL HORIZONS LLC,horizon
76663,STEVENS HEALTH NETWORK,healthnet
622974,STRONGCARE HEALTH NETWORK,healthnet
2328311,SULLIVAN COUNTY RURAL HEALTH NETWRK,healthnet
908557,SUN CITY ANTHEM GARAGE SALE,anthem
3298693,SUNBRIGHT HEALTH MEDICAL CTRS INC,bright
2323318,SVETLANA SMOLINA,molina
1985943,SWEET ANTHEM,anthem
2781885,T&D HORIZONS INC-CW,horizon
1627932,TA KAISER HEATING & AR INC-CT-IL-NA,kaiser
3211629,TACTICAL HORIZONS INC,horizon
3168408,TEACHER HORIZONS LTD,horizon
3165990,TECHNICAL HORIZONS PLLC,horizon
1640408,TERRA BELLA CONDOMINIUMS AT ANTHEM,anthem
2998614,TETRA HORIZON CORP,horizon
1052882,TEXAS COMMUNITY HEALTH NETWORK INC,healthnet
2696436,THEATRE HORIZON,horizon
4301767,THERAPY HEALTH NETWORK LLC-MF,healthnet
3059147,THOUGHT HORIZON LLC-AT,horizon
1311094,TIME HORIZON FINANCIAL STRATEGIES,horizon
929894,TOTAL HEALTH NETWORK,healthnet
1662903,TOTAL HEALTH NETWORK CORP,healthnet
3999840,TOTAL HORIZONS LLC,horizon
2797783,TRANSCENDING HORIZONS INC,horizon
1427452,TRANTHEM JAMES FOR CITY COUNCIL,anthem
1618430,TRI-COUNTY RURAL HEALTH NETWORK INC,healthnet
891583,TRILLIUM HEALTH NETWORK INC,healthnet
1979860,TRUE HORIZONS CORP,horizon
1597429,TYRONE REGIONAL HEALTH NETWORK,healthnet
2496405,UHC UNITED HEATING & COOLING LLC-CA,uhc
2929399,UHC ZONE,uhc
3210260,UHCLASIK.COM,uhc
2457310,UHN/UNIVERSITY HEALTH NETWORK,healthnet
3300198,ULTRA HORIZON LTD,horizon
349478,UNAC/UHCP,uhc
2198167,UNITED HEALTH BENEFITS,unitedhealth_alt
3278788,UNITED HEALTH CARE STAFFING-SF,unitedhealth_alt
4098330,UNITED HEALTH CTRS-DL,unitedhealth_alt
630430,UNITED HEALTH CTRS/SN JQ VLY INC-FV,unitedhealth_alt
324998,UNITED HEALTH FEDN LLC,unitedhealth_alt
1947069,UNITED HEALTH FILES,unitedhealth_alt
719146,UNITED HEALTH FNDN,unitedhealth_alt
2257828,UNITED HEALTH GROUP CO,unitedhealth_alt
1559380,UNITED HEALTH NETWORK,unitedhealth_alt
1863256,UNITED HEALTH ORGN,unitedhealth_alt
917807,UNITED HEALTH PLAN,unitedhealth_alt
34166,UNITED HEALTH SPA INC,unitedhealth_alt
1384780,UNITED HEALTH SVCS,unitedhealth_alt
1080511,UNITED HEALTH SVCS CREDIT UNION-SK,unitedhealth_alt
1987730,UNITED HEALTH SVCS HOSPITALS INC,unitedhealth_alt
1971237,UNITED HEALTH SVCS INC-FX,unitedhealth_alt
1228441,UNITED HEALTH SVCS INC-SY,unitedhealth_alt
523888,UNITED HEALTH SVCS-DY,unitedhealth_alt
1126617,UNITED HEALTH-FV,unitedhealth_alt
1138006,UNITED HEALTH-SL,unitedhealth_alt
1516851,UNITED HEALTHC,unitedhealth_alt
900853,UNITED HEALTHCARD,unitedhealth_alt
2728568,UNITED HEALTHCARE CAREERS COLLEG-LA,unitedhealth_alt
1025601,UNITED HEALTHCARE OF OHIO INC,unitedhealth_alt
471078,UNITED HEALTHCARE PARTNERS,unitedhealth_alt
2843472,UNITED HEALTHSHARE INC,unitedhealth_alt
43091,UNITEDHEALTH GROUP INC,unitedhealth
3117385,UNITEDHEALTHGURU,unitedhealth
2214655,UNITY HEALTH NETWORK LLC,healthnet
1650092,UNIVERSAL HORIZONTAL,horizon
674915,UNIVERSITY HEALTH NETWORK,healthnet
2641609,VANCARDI ANTHEM GROUP INC,anthem
772986,VERTICAL HORIZON,horizon
1107092,VERTICAL HORIZON OUTFITTERS,horizon
2691388,VERTICAL HORIZONS GROUP LLC,horizon
454889,VERTICAL HORIZONS INC,horizon
3149409,VERTICAL HORIZONS LLC,horizon
4062373,VETERANS HEALTH NETWORK,healthnet
2490553,VHA-UHC ALLIANCE NEWCO INC,uhc
2527827,VIBRANT HEALTH NETWORK-XK,healthnet
1063000,VICTORY HORIZONS MANAGEMENT LLC,horizon
2042593,VILLA L HORIZON,horizon
1896882,VILLAS AT HORIZON VILLAGE,horizon
463250,VIRTUAL HORIZONS,horizon
1709158,VISIONARY HORIZONS LLC,horizon
1450145,VISTA HORIZONS REALTY INC,horizon
1518650,VISUAL HORIZONS C,horizon
3074597,VISUAL HORIZONS INC-RO,horizon
523607,VISUAL HORIZONS INC-SS,horizon
4064803,VISUAL HORIZONS SOFTWARE LLC,horizon
2230379,VOX HUMANA,humana
1877743,VOX HUMANA THEATRE ENSEMBLE,humana
707562,VOXHUMANA RECORDS,humana
25211,WASHINGTON HEALTH NETWORK,healthnet
3055697,WELLMARK BLUE CROSS & BLU SHLD,bcbs
4448497,WELLPOINT CARE NETWORK INC,wellpoint
132067,WEST HORIZON ADVENTURES INC,horizon
1519707,WEST HORIZON FINANCIAL INC,horizon
778424,WESTERN HORIZON MORTGAGE,horizon
939434,WESTERN HORIZON RESORTS INC,horizon
1357743,WESTERN HORIZONS CARE ASSISTNCE INC,horizon
937645,WESTSHORE HEALTH NETWORK,healthnet
350494,WESTWOOD HORIZONS RETIREMENT RES,horizon
2062822,WHATCOM HEALTH NETWORK LLC,healthnet
3167400,WIDE HORIZONS FOR CHILDREN INC-BS,horizon
1264203,WIDER HORIZONS SCHOOL INC,horizon
3060846,WILD HORIZON GEAR LLC,horizon
2182362,WNC HEALTH NETWORK INC,healthnet
544884,WOMENS HEALTH HORIZONS INC,horizon
673744,WOMENS HEALTH NETWORK,healthnet
528726,WOODYS BLUE HORIZON,horizon
3034211,WORLD ANTHEM INC,anthem
1230532,WORLD ANTHEM TECHNOLOGIES INC,anthem
1948935,Y&Y HORIZONS INC,horizon
3106085,YANGZHOU KAISER HOTEL SUPPLS CO LTD,kaiser
374130,YE SEEKERS HORIZON INC,horizon
4165232,YOUR BRIGHT HORIZON,horizon
4365121,YOUR CARE HEALTH NETWORK LLC-MF,healthnet
526813,YOUR HEALTH NETWORK,healthnet
3161150,YOUR HORIZON COACHING,horizon
3152083,YOUR NUHORIZONS INC-SY,horizon
1040758,YOUTH HORIZONS INC,horizon
1056274,YOUTHFUL HORIZONS PHYSICAL THRPY PS,horizon
